1$Jan Čarný$2$Jan Holouš$Gienger, spol s r.o.$1$NAPAJEDLA$KVÍTKOVICKÁ 1633$49.1909813$ 17.5338884$53501028
1$Jan Čarný$2$Jan Holouš$PTÁČEK - velkoobchod$2$BRNO$U VELKÉ CENY 4$49.1974884$ 16.5309369$53503977
1$Jan Čarný$5$Martin Lukeš$ŠABATA s.r.o.$3$ROKYCANY$JIRÁSKOVA 4$49.7396902$ 13.5985825$53506515
1$Jan Čarný$2$Jan Holouš$Coleman S.I., a.s.$4$VSETÍN$BOBRKY 478$49.3620604$ 17.9639154$53506517
1$Jan Čarný$2$Jan Holouš$MANUTAN s.r.o.$5$OSTRAVA, TŘEBOVICE$PROVOZNÍ 5493/5$49.8405074$ 18.1914780$53506928
1$Jan Čarný$5$Martin Lukeš$PRVNÍ CHODSKÁ s.r.o.$6$DOMAŽLICE - TÝNSKÉ PŘEDMĚSTÍ$SADOVÁ 636$49.4430031$ 12.9194438$53507259
1$Jan Čarný$2$Jan Holouš$DŘEVO TRUST, a.s.$7$FRÝDEK-MÍSTEK$T.G. MASARYKA 602$49.6820109$ 18.3557128$53507328
1$Jan Čarný$2$Jan Holouš$EURO NÁŘADÍ s.r.o.$8$ROUSÍNOV U VYŠKOVA$SUŠILOVO NÁMĚSTÍ 15/23$49.2045395$ 16.8830004$53507364
1$Jan Čarný$5$Martin Lukeš$DACHDECKER spol. s r$9$DOLNÍ RYCHNOV$BERGMANNOVA 96$50.1627187$ 12.6359720$53507386
1$Jan Čarný$5$Martin Lukeš$DEKTRADE a.s.$10$PRAHA 10$TISKAŘSKÁ 10/257$50.0820185$ 14.5333504$53507395
1$Jan Čarný$5$Martin Lukeš$STAVMAT STAVEBNINY a$11$PRAHA 8 - BŘEZINĚVES$NA HLAVNÍ 18$50.1648020$ 14.4840196$53507428
1$Jan Čarný$2$Jan Holouš$Fabory CZ Holding s.$12$ŠLAPANICE$K LETIŠTI 1825$49.1608407$ 16.6988285$53507443
1$Jan Čarný$5$Martin Lukeš$P Ú V A P, spol. s r$13$PRAHA 3 - VINOHRADY$VINOHRADSKÁ 172$50.0779609$ 14.4686803$53507446
1$Jan Čarný$5$Martin Lukeš$STAVMAT STAVEBNINY R$14$RUDNÁ$POD MŮSTKEM 884$50.0237276$ 14.2136725$53507451
1$Jan Čarný$5$Martin Lukeš$RAMIRENT s.r.o.$15$PRAHA 2 - NOVÉ MĚSTO$KARLOVO NÁMĚSTÍ 559/28$50.0771507$ 14.4215671$53507462
1$Jan Čarný$5$Martin Lukeš$STASAN s.r.o.$16$PRAHA - KUNRATICE$DOBRONICKÁ 1257$50.0102027$ 14.4694398$53507496
1$Jan Čarný$5$Martin Lukeš$WOODCOTE CZ, a.s.$17$PRAHA 8 - LIBEŇ$U PEKAŘKY 281/3$50.1141716$ 14.4793465$53507504
1$Jan Čarný$5$Martin Lukeš$Blum, s.r.o.$18$PRAHA 9$KOLBENOVA 19 ČP. 881$50.1107861$ 14.5262802$53507537
1$Jan Čarný$2$Jan Holouš$Démos Trade, a.s.$19$OSTRAVA - KUNČIČKY$ŠKROBÁLKOVA 630/13$49.8086455$ 18.2944481$53507597
1$Jan Čarný$5$Martin Lukeš$PRO-DOMA, spol. s r.$20$PRAHA 9 - ÚJEZD NAD LESY$BUDČICKÁ 1479$50.0811141$ 14.6403955$53507663
1$Jan Čarný$5$Martin Lukeš$STAVMAT STAVEBNINY a$21$ PRAHA 9 - HLOUBĚTÍN$PODĚBRADSKÁ 64$50.1031148$ 14.5268536$53507734
1$Jan Čarný$2$Jan Holouš$STAVMAT STAVEBNINY a$22$OSTRAVA-HRABOVÁ$KRMELÍNSKÁ 4/780$49.7790451$ 18.2698109$53507735
1$Jan Čarný$5$Martin Lukeš$STAVMAT STAVEBNINY a$23$PLZEŇ -VÝCHODNÍ PŘEDMĚSTÍ$JATEČNÍ 2729/43$49.756217$ 13.403046$53507736
1$Jan Čarný$5$Martin Lukeš$Richter + Frenzel s.$24$PRAHA 4 - MODŘANY$MEZI VODAMI 33$50.015322$ 14.400723$53507790
1$Jan Čarný$2$Jan Holouš$Stavebniny DEK a.s.$25$OSTRAVA HRUŠOV$KE KAMENINĚ 89/12$49.861896$ 18.289838$53507878
1$Jan Čarný$2$Jan Holouš$Stavebniny DEK a.s.$26$HODONÍN$VELKOMORAVSKÁ 97/3869$48.8497109$ 17.0949579$53507879
1$Jan Čarný$3$Jan Sladký$Richter + Frenzel s.$27$ČESKÉ BUDĚJOVICE$VRBENSKÁ 25/1$48.9759061$ 14.4970139$53507906
1$Jan Čarný$5$Martin Lukeš$PRO-DOMA, SE$28$BŘEZNICE$SADOVÁ 517$49.5594070$ 13.9535864$53507907
1$Jan Čarný$5$Martin Lukeš$PRO-DOMA, SE$29$HORAŽĎOVICE$BLATENSKÁ$49.3246206$ 13.7119587$53507908
1$Jan Čarný$5$Martin Lukeš$WOODCOTE CZ, a.s.$30$PRAHA 6 - RUZYNĚ$VLASTINA 889/23$50.089492$ 14.315325$53507927
1$Jan Čarný$2$Jan Holouš$Stavebniny DEK a.s.$31$TŘINEC$FRÝDECKÁ 225$49.6762058$ 18.6633145$53507938
1$Jan Čarný$3$Jan Sladký$Stavebniny DEK a.s.$32$HRADEC KRÁLOVÉ 3$VÁŽNÍ 1052$50.2305082$ 15.8493331$53507973
1$Jan Čarný$5$Martin Lukeš$PRO-DOMA, spol. s r.$33$JESENICE - OSNICE$HLAVNÍ 1$49.9722351$ 14.5523028$53507992
1$Jan Čarný$5$Martin Lukeš$PRO-DOMA, spol. s r.$34$SEDLČANY$HAVLÍČKOVA 906$49.6591781$ 14.4216239$53507994
1$Jan Čarný$3$Jan Sladký$Stavebniny DEK a.s.$35$STARÉ HRADIŠTĚ$FÁBLOVA 404$50.0628391$ 15.7722461$53507999
1$Jan Čarný$5$Martin Lukeš$Keller & Kalmbach s.$36$PRAHA 9 - ČAKOVICE$ODERSKÁ 333/5$50.1499403$ 14.5318050$53508007
1$Jan Čarný$5$Martin Lukeš$GIENGER BOHEMIA, s.r$37$OTOVICE$MOSTECKÁ 157$50.2536115$ 12.8817480$53508010
1$Jan Čarný$3$Jan Sladký$Gienger, spol s r.o.$38$TÁBOR$VOŽICKÁ 2604$49.4149738$ 14.6924100$53508013
1$Jan Čarný$3$Jan Sladký$STAVMAT STAVEBNINY a$39$BENEŠOV$JANA NOHY 1285$49.7792971$ 14.6794197$53508014
1$Jan Čarný$2$Jan Holouš$STAVMAT STAVEBNINY a$40$BOHUMÍN - NOVÝ BOHUMÍN$9. KVĚTNA 1204$49.8998576$ 18.3546092$53508016
1$Jan Čarný$2$Jan Holouš$STAVMAT STAVEBNINY a$41$BŘECLAV$BRATISLAVSKÁ 3417$48.7494055$ 16.9032133$53508018
1$Jan Čarný$5$Martin Lukeš$STAVMAT STAVEBNINY a$42$PRAHA 6 - ŘEPY$KARLOVARSKÁ 660$50.0760674$ 14.3217074$53508021
1$Jan Čarný$2$Jan Holouš$STAVMAT STAVEBNINY a$43$HRANICE IV$MLÝNSKÁ 3$49.5504293$ 17.7190082$53508023
1$Jan Čarný$2$Jan Holouš$STAVMAT STAVEBNINY a$44$HULÍN$ZÁHLINICKÁ 929$49.3094042$ 17.4767131$53508024
1$Jan Čarný$5$Martin Lukeš$STAVMAT STAVEBNINY a$45$CHOMUTOV$SPOŘICKÁ UL. 3819$50.4583244$ 13.4094804$53508025
1$Jan Čarný$3$Jan Sladký$STAVMAT STAVEBNINY a$46$CHRUDIM$U VÁPENKY 145$49.9460946$ 15.7876072$53508026
1$Jan Čarný$3$Jan Sladký$STAVMAT STAVEBNINY a$47$JIHLAVA$U HLAVNÍHO NÁDRAŽÍ 4757$49.4198516$ 15.5958545$53508028
1$Jan Čarný$3$Jan Sladký$STAVMAT STAVEBNINY a$48$JINDŘICHŮV HRADEC$DOLNÍ SKRÝCHOV 211$49.1581046$ 15.0194607$53508029
1$Jan Čarný$3$Jan Sladký$STAVMAT STAVEBNINY a$49$KUTNÁ HORA$ČÁSLAVSKÁ 126$49.9476201$ 15.2853744$53508032
1$Jan Čarný$5$Martin Lukeš$STAVMAT STAVEBNINY a$50$LITOMĚŘICE$KAMÝCKÁ 2147$50.5397694$ 14.1189163$53508036
1$Jan Čarný$5$Martin Lukeš$STAVMAT STAVEBNINY a$51$MLADÁ BOLESLAV$PRŮMYSLOVÁ 957$50.4310092$ 14.9278634$53508037
1$Jan Čarný$2$Jan Holouš$STAVMAT STAVEBNINY a$52$NOVÝ JIČÍN$SUVOROVOVA UL.$49.6052486$ 18.0233042$53508038
1$Jan Čarný$2$Jan Holouš$STAVMAT STAVEBNINY a$53$OPAVA$PALHANECKÁ 18$49.9554341$ 17.8765762$53508039
1$Jan Čarný$3$Jan Sladký$STAVMAT STAVEBNINY a$54$PELHŘIMOV$K SILU 1144$49.4097263$ 15.2201201$53508042
1$Jan Čarný$5$Martin Lukeš$STAVMAT STAVEBNINY a$55$PRAHA - VESTEC$PRŮMYSLOVÁ 535$49.9839486$ 14.4946496$53508044
1$Jan Čarný$5$Martin Lukeš$STAVMAT STAVEBNINY a$56$PRACHATICE$KRUMLOVSKÁ$49.0043770$ 14.0073708$53508046
1$Jan Čarný$5$Martin Lukeš$STAVMAT STAVEBNINY a$57$PŘÍBRAM$HUSOVA 596$49.6897724$ 13.9948909$53508047
1$Jan Čarný$2$Jan Holouš$STAVMAT STAVEBNINY a$58$RYCHNOV NAD KNĚŽNOU$EKOLOGICKÁ 1187$50.1544023$ 16.2764580$53508049
1$Jan Čarný$3$Jan Sladký$STAVMAT STAVEBNINY a$59$ŘÍČANY$BRNĚNSKÁ 311$49.2127535$ 16.4048867$53508050
1$Jan Čarný$2$Jan Holouš$STAVMAT STAVEBNINY a$60$SVITAVY$VÍTĚZNÁ 40$49.7625158$ 16.4683649$53508052
1$Jan Čarný$3$Jan Sladký$STAVMAT STAVEBNINY a$61$TÁBOR$VOŽICKÁ 25$49.4139978$ 14.6889677$53508053
1$Jan Čarný$3$Jan Sladký$STAVMAT STAVEBNINY a$62$TRUTNOV$JEČNÁ 479$50.5735982$ 15.9406702$53508054
1$Jan Čarný$5$Martin Lukeš$STAVMAT STAVEBNINY a$63$TURNOV$PŘEPEŘSKÁ 1692$50.5864128$ 15.1316085$53508055
1$Jan Čarný$3$Jan Sladký$STAVMAT STAVEBNINY a$64$ÚVALY$ŠKVORECKÁ 1463$50.0700786$ 14.7310912$53508057
1$Jan Čarný$2$Jan Holouš$STAVMAT STAVEBNINY a$65$VELKÁ BYSTŘICE$ČSA 780$49.5928209$ 17.3497279$53508058
1$Jan Čarný$2$Jan Holouš$STAVMAT STAVEBNINY a$66$ZLÍN - MALENOVICE$TŘ. 3. KVĚTNA 1149$49.2067507$ 17.5785256$53508060
1$Jan Čarný$2$Jan Holouš$STAVMAT STAVEBNINY a$67$ŽAMBERK$DLUHOŇOVICE 96$50.0701957$ 16.4415450$53508062
1$Jan Čarný$2$Jan Holouš$DŘEVO TRUST, a.s.$68$BOHUMÍN - SKŘEČOŇ$1. MÁJE 122$49.9056305$ 18.3711173$53508068
1$Jan Čarný$2$Jan Holouš$DŘEVO TRUST, a.s.$69$ČESKÝ TĚŠÍN$JABLUNKOVSKÁ 30$49.7399603$ 18.6206373$53508069
1$Jan Čarný$2$Jan Holouš$DŘEVO TRUST, a.s.$70$FRÝDEK - MÍSTEK$JAMNICKÁ 348$49.6751222$ 18.3591958$53508070
1$Jan Čarný$2$Jan Holouš$DŘEVO TRUST, a.s.$71$KARVINÁ$RUDÉ ARMÁDY$49.8668403$ 18.5496117$53508071
1$Jan Čarný$2$Jan Holouš$DŘEVO TRUST, a.s.$72$OSTRAVA - HRABŮVKA$U HALDY 1562$49.7897320$ 18.2703830$53508073
1$Jan Čarný$2$Jan Holouš$DŘEVO TRUST, a.s.$73$LIPNÍK NAD BEČVOU$NA HORECKU 726$49.5275927$ 17.5717115$53508075
1$Jan Čarný$2$Jan Holouš$DŘEVO TRUST, a.s.$74$ŠUMPERK$PŘÍČNÁ 10$49.9623858$ 16.9874873$53508078
1$Jan Čarný$2$Jan Holouš$DŘEVO TRUST, a.s.$75$KROMĚŘÍŽ$SKOPALÍKOVÁ 2600$49.2994121$ 17.4179660$53508079
1$Jan Čarný$2$Jan Holouš$DŘEVO TRUST, a.s.$76$VALAŠSKÉ MEZIŘÍČÍ$ZAŠOVSKÁ 750$49.4756057$ 17.9825609$53508080
1$Jan Čarný$2$Jan Holouš$DŘEVO TRUST, a.s.$77$VSETÍN$NA LAPAČI 856$49.3337397$ 17.9929218$53508081
1$Jan Čarný$5$Martin Lukeš$DŘEVO TRUST, a.s.$78$PLZEŇ$JATEČNÍ TŘÍDA 36$49.7613575$ 13.4066072$53508083
1$Jan Čarný$5$Martin Lukeš$DŘEVO TRUST, a.s.$79$KLATOVY$SEDLÁKOVA 466/3$49.4030215$ 13.2702683$53508084
1$Jan Čarný$3$Jan Sladký$DŘEVO TRUST, a.s.$80$HRADEC KRÁLOVÉ$DŘEVAŘSKÁ 475$50.2246872$ 15.8520501$53508087
1$Jan Čarný$3$Jan Sladký$DŘEVO TRUST, a.s.$81$VYSOKÉ MÝTO$PRŮMYSLOVÁ 75$49.9630575$ 16.1426376$53508089
1$Jan Čarný$3$Jan Sladký$DŘEVO TRUST, a.s.$82$ČESKÉ BUDĚJOVICE$VRBENSKÁ 2082$48.9747042$ 14.4956949$53508090
1$Jan Čarný$5$Martin Lukeš$DŘEVO TRUST, a.s.$83$MARIÁNSKÉ LÁZNĚ$TEPELSKÁ 551$49.9485209$ 12.7115460$53508091
1$Jan Čarný$3$Jan Sladký$DŘEVO TRUST, a.s.$84$KOLÍN$K VINICI 325$50.035813$ 15.220553$53508092
1$Jan Čarný$3$Jan Sladký$PRO-DOMA, SE$85$MUKAŘOV$U MOTOTECHNY 89$49.9915182$ 14.7226909$53508131
1$Jan Čarný$3$Jan Sladký$PRO-DOMA, SE$86$BENEŠOV$KŘIŽÍKOVA 1703$49.7728144$ 14.6805813$53508132
1$Jan Čarný$3$Jan Sladký$PRO-DOMA, SE$87$TRUTNOV$JANA ROHÁČE Z DUBÉ 561$50.5612638$ 15.8966941$53508134
1$Jan Čarný$3$Jan Sladký$PRO-DOMA, SE$88$MLADÉ BUKY$MLADÉ BUKY$50.6011220$ 15.8447520$53508137
1$Jan Čarný$3$Jan Sladký$PRO-DOMA, SE$89$BROUMOV$NÁDRAŽNÍ 317$50.5785785$ 16.3393890$53508138
1$Jan Čarný$3$Jan Sladký$PRO-DOMA, SE$90$DVŮR KRÁLOVÉ$RAISOVA 2165$50.4207876$ 15.8087011$53508140
1$Jan Čarný$5$Martin Lukeš$PRO-DOMA, SE$91$BRANDÝS NAD LABEM - STARÁ BOLESLAV$BOLESLAVSKÁ 82$50.1986332$ 14.6806667$53508142
1$Jan Čarný$2$Jan Holouš$STAVMAT IN, a.s.$92$BRNO, BRNO - MĚSTO$PŘÍKOP 6$49.1997343$ 16.6137803$53508155
1$Jan Čarný$2$Jan Holouš$Gienger, spol s r.o.$93$JIHLAVA$U RYBNÍKA 10$49.4271949$ 15.5972079$53508160
1$Jan Čarný$2$Jan Holouš$STAVMAT STAVEBNINY a$94$STUDÉNKA$2. KVĚTNA 390$49.7223420$ 18.0786405$53508164
1$Jan Čarný$2$Jan Holouš$STAVMAT IN, a.s.$95$BRNO$MASNÁ 110$49.1821711$ 16.6261172$53508165
1$Jan Čarný$2$Jan Holouš$STAVMAT STAVEBNINY a$96$VELKÉ MEZIŘÍČÍ$KARLOV$49.3475476$ 16.0377953$53508166
1$Jan Čarný$2$Jan Holouš$STAVMAT STAVEBNINY a$97$HRUŠOVANY NAD JEVIŠKOU$NÁDRAŽNÍ 486$48.8184428$ 16.3982532$53508167
1$Jan Čarný$2$Jan Holouš$Stavebniny DEK a.s.$98$STARÉ MĚSTO U UHERSKÉHO HRADIŠTĚ$VELEHRADSKÁ 1433$49.0835676$ 17.4417976$53508229
1$Jan Čarný$5$Martin Lukeš$Fabory CZ Holding s.$99$PRAHA 9 - HORNÍ POČERNICE$BYSTRÁ 2243$50.1158801$ 14.6027103$53508244
1$Jan Čarný$2$Jan Holouš$Fabory CZ Holding s.$100$BRNO - SLATINA$ŘÍPSKÁ 20A$49.177965$ 16.677118$53508248
1$Jan Čarný$3$Jan Sladký$Petr Nešněra$101$NYMBURK$PALACKÉHO TŘÍDA 1820/49$50.1894112$ 15.0437821$53508259
1$Jan Čarný$5$Martin Lukeš$W.A.T.C.H. CZ, s.r.o$102$PRAHA 4$ANTALA STAŠKA 2027/77$50.0425313$ 14.4480584$53508301
1$Jan Čarný$2$Jan Holouš$PRO-DOMA, SE$103$ŠLAPANICE$HUSOVA 1030/33$49.1562185$ 16.7236534$53508324
1$Jan Čarný$3$Jan Sladký$Stavebniny DEK a.s.$104$KOLÍN$K RAŠKOVCI 851$50.0384605$ 15.2164103$53508353
1$Jan Čarný$5$Martin Lukeš$Stavebniny DEK a.s.$105$BEROUN$LIDICKÁ 806$49.9806781$ 14.0759804$53508354
1$Jan Čarný$5$Martin Lukeš$Stavebniny DEK a.s.$106$ČESKÁ LÍPA$SVOJSÍKOVA STEZKA 3002$50.6706938$ 14.5233418$53508359
1$Jan Čarný$3$Jan Sladký$Stavebniny DEK a.s.$107$HRDĚJOVICE$HRDĚJOVICE 395$49.0189353$ 14.4785718$53508360
1$Jan Čarný$5$Martin Lukeš$Stavebniny DEK a.s.$108$KARLOVY VARY$SPORTOVNÍ 15$50.2417167$ 12.8925498$53508364
1$Jan Čarný$2$Jan Holouš$Stavebniny DEK a.s.$109$KARVINÁ$LEŠETÍNSKÁ 317/12A$49.8540242$ 18.5238819$53508365
1$Jan Čarný$5$Martin Lukeš$Stavebniny DEK a.s.$110$MOST - ČEPIROHY$U LESÍKA 135$50.4839116$ 13.6260416$53508367
1$Jan Čarný$3$Jan Sladký$Stavebniny DEK a.s.$111$PELHŘIMOV$RYNÁRECKÁ 1756$49.407338$ 15.229175$53508368
1$Jan Čarný$5$Martin Lukeš$Stavebniny DEK a.s.$112$PLZEŇ - ČERNICE$PÍSECKÁ UL.$49.7024329$ 13.4286070$53508369
1$Jan Čarný$2$Jan Holouš$Stavebniny DEK a.s.$113$PROSTĚJOV$PRŮMYSLOVÁ 14$49.4711833$ 17.1375769$53508372
1$Jan Čarný$2$Jan Holouš$Stavebniny DEK a.s.$114$PŘEROV II$LOVĚŠICE 261$49.4308644$ 17.4559786$53508373
1$Jan Čarný$5$Martin Lukeš$Stavebniny DEK a.s.$115$STRAKONICE$PÍSECKÁ 506$49.2703123$ 13.9242091$53508375
1$Jan Čarný$2$Jan Holouš$Stavebniny DEK a.s.$116$SVITAVY$OLOMOUCKÁ ULICE$49.7572396$ 16.4824445$53508376
1$Jan Čarný$2$Jan Holouš$Stavebniny DEK a.s.$117$VALAŠSKÉ MEZIŘÍČÍ$JIRÁSKOVA 248/15$49.4785431$ 17.9596825$53508379
1$Jan Čarný$2$Jan Holouš$Stavebniny DEK a.s.$118$ZLÍN - PŘÍLUKY$CECILKA 463$49.2239628$ 17.7215547$53508380
1$Jan Čarný$2$Jan Holouš$Stavebniny DEK a.s.$119$ZNOJMO$DRUŽSTEVNÍ 26/3848$48.8524578$ 16.0697368$53508381
1$Jan Čarný$5$Martin Lukeš$WOODCOTE CZ, a.s.$120$PRAHA 22 - UHŘÍNĚVES$FRANTIŠKA DIVIŠE 944$50.0376846$ 14.5761611$53508456
1$Jan Čarný$2$Jan Holouš$PRO-DOMA, SE$121$TVAROŽNÁ$U ROHLENKY$49.1835840$ 16.7606269$53508463
1$Jan Čarný$5$Martin Lukeš$WOODCOTE CZ, a.s.$122$SUŠICE$PRAŽSKÁ 57$49.2468999$ 13.5393979$53508474
1$Jan Čarný$5$Martin Lukeš$Petr Krabec$123$DOMAŽLICE$KOSMONAUTŮ 159$49.4391820$ 12.9151498$53508614
1$Jan Čarný$5$Martin Lukeš$Fabory CZ Holding s.$124$PRAHA 9 - HLOUBĚTÍN$PODĚBRADSKÁ 51/186$50.1039398$ 14.5213785$53508625
1$Jan Čarný$2$Jan Holouš$Stavebniny DEK a.s.$125$FRÝDEK MÍSTEK$JANA ČAPKA 1291$49.6818598$ 18.3668619$53508673
1$Jan Čarný$2$Jan Holouš$STAVMAT STAVEBNINY a$126$LANŠKROUN - ŽICHLINSKÉ PŘEDMĚSTÍ$DOBROVSKÉHO 981$49.9179631$ 16.6231659$53508726
1$Jan Čarný$5$Martin Lukeš$Vladimír Škopek$127$PLZEŇ - KŘIMICE$CHEBSKÁ 537/17$49.7520780$ 13.3204574$53508750
1$Jan Čarný$2$Jan Holouš$Stavebniny DEK a.s.$128$BLANSKO$PRAŽSKÁ 1602/7$49.3720811$ 16.6451195$53508751
1$Jan Čarný$3$Jan Sladký$Stavebniny DEK a.s.$129$JIČÍN$HRADECKÁ 805$50.4335991$ 15.3752889$53508752
1$Jan Čarný$5$Martin Lukeš$Stavebniny DEK a.s.$130$LOVOSICE$SVATOPLUKA ČECHA 493/31$50.5079727$ 14.0553939$53508753
1$Jan Čarný$3$Jan Sladký$Stavebniny DEK a.s.$131$PARDUBICE - STARÉ HRADIŠTĚ$FÁBLOVKA 404$50.0628391$ 15.7722461$53508754
1$Jan Čarný$2$Jan Holouš$Stavebniny DEK a.s.$132$ZLÍN - LOUKY$U DŘEVNICE 436$49.2169264$ 17.6225421$53508755
1$Jan Čarný$3$Jan Sladký$CRAMO s.r.o.$133$PRAHA - ŘEPY$SLÁNSKÁ 285/13$50.0699862$ 14.3104818$53508774
1$Jan Čarný$3$Jan Sladký$DKNV stavební, s.r.o$134$PRAHA 4$LIBUŠSKÁ 248$50.0125899$ 14.4592852$53508849
1$Jan Čarný$3$Jan Sladký$DKNV stavební, s.r.o$135$ŘÍČANY$ČERNOKOSTELECKÁ 1794$50.0072127$ 14.6516032$53508852
1$Jan Čarný$3$Jan Sladký$DKNV stavební s.r.o.$136$PRAHA 4$LIBUŠSKÁ 248$50.0125899$ 14.4592852$53508858
1$Jan Čarný$5$Martin Lukeš$Stavebniny DEK a.s.$137$PRAHA 5 - ZLIČÍN$DO BLATIN 373 (AREÁL PHL)$50.0631970$ 14.2965640$53508903
1$Jan Čarný$5$Martin Lukeš$STAVMAT STAVEBNINY a$138$SLANÝ - KVÍC$SLANÝ - KVÍC 5$50.2125070$ 14.0640330$53509065
1$Jan Čarný$5$Martin Lukeš$VERSICO s.r.o.$139$LOUNY$5. KVĚTNA 2910$50.3503947$ 13.8244168$53509093
1$Jan Čarný$3$Jan Sladký$GIENGER Tábor spol.$140$TÁBOR$VOŽICKÁ 2604$49.4149738$ 14.6924100$53509115
1$Jan Čarný$2$Jan Holouš$Stavebniny DEK a.s.$141$BŘECLAV$LIDICKÁ 3116$48.7791958$ 16.9025489$53509117
1$Jan Čarný$5$Martin Lukeš$PechaSan spol. s r.o$142$STRAKONICE$PÍSECKÁ 115$49.2636399$ 13.9157877$53509130
1$Jan Čarný$2$Jan Holouš$Technická Zařízení B$143$NAPAJEDLA$KVÍTKOVICKÁ 1633$49.1909813$ 17.5338884$53509131
1$Jan Čarný$2$Jan Holouš$G-System spol. s r.o$144$BRNO - LESNÁ$DUSÍKOVA 900/3C$49.2361615$ 16.6224319$53509133
1$Jan Čarný$5$Martin Lukeš$STAVIMEX Praha, a.s.$145$PRAHA 8$VOCTÁŘOVA 109/12$50.1027424$ 14.4684635$53509194
1$Jan Čarný$5$Martin Lukeš$STAVMAT STAVEBNINY a$146$PRAHA 10$ČERNOKOSTELECKÁ 1180/98$50.0771162$ 14.5128870$53509218
1$Jan Čarný$2$Jan Holouš$Stavebniny DEK a.s.$147$HAVÍŘOV$U SKLENÍKŮ 6$49.7907645$ 18.4355202$53509224
1$Jan Čarný$2$Jan Holouš$Gienger, spol s r.o.$148$ŠUMPERK$NÁM. JANA ZAJÍCE 2817/12$49.9711294$ 16.9758297$53509243
1$Jan Čarný$2$Jan Holouš$Gienger, spol s r.o.$149$SVITAVY$V ZAHRÁDKÁCH 1703/4$49.7558697$ 16.4831023$53509244
1$Jan Čarný$2$Jan Holouš$Gienger, spol s r.o.$150$VYŠKOV$HYBEŠOVA 732$49.2814877$ 17.0080547$53509245
1$Jan Čarný$2$Jan Holouš$Gienger, spol s r.o.$151$HOLASICE$BRNĚNSKÁ 289$49.0727266$ 16.6030397$53509249
1$Jan Čarný$2$Jan Holouš$Gienger, spol s r.o.$152$BRUNTÁL$KRNOVSKÁ 1020/16$49.9976302$ 17.4773945$53509250
1$Jan Čarný$2$Jan Holouš$Gienger, spol s r.o.$153$OPAVA$KRNOVSKÁ 159/110$49.9467803$ 17.8845558$53509254
1$Jan Čarný$2$Jan Holouš$Stavebniny DEK a.s.$154$ÚSTÍ NAD ORLICÍ$LETOHRADSKÁ 100$49.9797347$ 16.4057215$53509263
1$Jan Čarný$5$Martin Lukeš$Stavebniny DEK a.s.$155$MĚLNÍK$NA PRŮHONĚ 3412$50.3662939$ 14.4785405$53509264
1$Jan Čarný$5$Martin Lukeš$Stavebniny DEK a.s.$156$CHEB$NA NÁVRŠÍ 1351/27$50.0703658$ 12.3883352$53509300
1$Jan Čarný$5$Martin Lukeš$Stavebniny DEK a.s.$157$PÍSEK$NÁDRAŽNÍ 732$49.2951910$ 14.1460351$53509312
1$Jan Čarný$5$Martin Lukeš$MONTAKO - obchod s.r$158$KRALUPY NAD VLTAVOU$VODÁRENSKÁ 732, LOBEČEK$50.2457640$ 14.3237331$53509340
1$Jan Čarný$5$Martin Lukeš$Klapro s.r.o.$159$PRAHA 10$JAHODOVÁ 2702/127$50.0579606$ 14.5099655$53509361
1$Jan Čarný$5$Martin Lukeš$PRO-DOMA, SE$160$PRAHA 9$BUDČICKÁ 1479$50.0811141$ 14.6403955$53509362
1$Jan Čarný$3$Jan Sladký$PRO-DOMA, SE$161$KOLÍN$HAVLÍČKOVA 290$50.0144972$ 15.2214367$53509364
1$Jan Čarný$3$Jan Sladký$PRO-DOMA, SE$162$ČELÁKOVICE$U PODJEZDU 1681$50.1610905$ 14.7548925$53509365
1$Jan Čarný$5$Martin Lukeš$PRO-DOMA, SE$163$KLADNO$VAŠÍČKOVA 113$50.1481387$ 14.0717628$53509368
1$Jan Čarný$5$Martin Lukeš$PRO-DOMA, SE$164$PÍSEK$NA ROZHLEDNĚ 1252$49.3015095$ 14.1365033$53509369
1$Jan Čarný$5$Martin Lukeš$PRO-DOMA, SE$165$BOŘANOVICE$DRUŽSTEVNÍ 81$50.1811630$ 14.4845176$53509371
1$Jan Čarný$2$Jan Holouš$PRO-DOMA, SE$166$ÚSTÍ NAD ORLICÍ$NA BĚLISKU 1229$49.9727365$ 16.3871530$53509373
1$Jan Čarný$3$Jan Sladký$PRO-DOMA, SE$167$HOŘICE$HUSOVA 1416$50.3565489$ 15.6322913$53509374
1$Jan Čarný$5$Martin Lukeš$PRO-DOMA, SE$168$ÚSTÍ NAD LABEM$PŘÍSTAVNÍ 59$50.6622678$ 14.0692317$53509376
1$Jan Čarný$5$Martin Lukeš$PRO-DOMA, SE$169$ŽATEC$VOLYŇSKÝCH ČECHŮ 3008$50.3187901$ 13.5448845$53509377
1$Jan Čarný$5$Martin Lukeš$PRO-DOMA, SE$170$NÝŘANY$A. UXY 374$49.7130367$ 13.2112805$53509378
1$Jan Čarný$5$Martin Lukeš$PRO-DOMA, SE$171$PŘEŠTICE$NEPOMUCKÁ 385$49.5751583$ 13.3390240$53509379
1$Jan Čarný$5$Martin Lukeš$PRO-DOMA, SE$172$PŘÍBRAM$V LUKÁCH 1$49.7024130$ 14.0014300$53509380
1$Jan Čarný$5$Martin Lukeš$PRO-DOMA, SE$173$VOLYNĚ$U TKALCOVNY$49.1734047$ 13.8918805$53509382
1$Jan Čarný$2$Jan Holouš$PRO-DOMA, SE$174$ZNOJMO$DOBŠICKÁ 3545/12$48.8524686$ 16.0754726$53509384
1$Jan Čarný$5$Martin Lukeš$PRO-DOMA, SE$175$ROŽMITÁL$NÁDRAŽNÍ 105$49.6014073$ 13.8740269$53509385
1$Jan Čarný$5$Martin Lukeš$PRO-DOMA, SE$176$SEDLČANY$HAVLÍČKOVA 1300$49.6591781$ 14.4216239$53509386
1$Jan Čarný$2$Jan Holouš$PRO-DOMA, SE$177$KONICE$NA PŘÍHONECH 591$49.5916266$ 16.8853335$53509388
1$Jan Čarný$2$Jan Holouš$PRO-DOMA, SE$178$MOHELNICE$TŘEBOVSKÁ 1355/62$49.7779973$ 16.9137234$53509389
1$Jan Čarný$2$Jan Holouš$PRO-DOMA, SE$179$VYŠKOV$BRNĚNSKÁ 445/35$49.2677762$ 16.9837044$53509392
1$Jan Čarný$2$Jan Holouš$PRO-DOMA, SE$180$HODONÍN$BRATISLAVSKÁ 30$48.8421748$ 17.1267876$53509401
1$Jan Čarný$2$Jan Holouš$PRO-DOMA, SE$181$BRNO - KRÁLOVO POLE$KŘIŽÍKOVA 68$49.2238618$ 16.6071539$53509403
1$Jan Čarný$2$Jan Holouš$PRO-DOMA, SE$182$LIPNÍK NAD BEČVOU$HRANICKÁ 1048$49.5275456$ 17.5999380$53509404
1$Jan Čarný$2$Jan Holouš$Gienger, spol s r.o.$183$OLOMOUC - HOLICE$ŠLECHTITELŮ 720/6$49.5753661$ 17.2722038$53509438
1$Jan Čarný$5$Martin Lukeš$Stavebniny DEK a.s.$184$PRAHA 10$TISKAŘSKÁ 257/10$50.0820185$ 14.5333504$53509496
1$Jan Čarný$5$Martin Lukeš$A S T R A spol. s r.$185$JABLONEC NAD NISOU$NÁDRAŽNÍ 133/25$50.7210251$ 15.1616463$53509548
1$Jan Čarný$5$Martin Lukeš$Stavebniny DEK a.s.$186$PLZEŇ$JATEČNÍ 46$49.7676439$ 13.4032295$53509628
1$Jan Čarný$5$Martin Lukeš$WOODCOTE CZ, a.s.$187$ZNOJMO$BRNĚNSKÁ 3797/29$48.8457620$ 16.0698289$53509709
1$Jan Čarný$2$Jan Holouš$Stavebniny DEK a.s.$188$VYŠKOV$BRNĚNSKÁ 366/25$49.2703207$ 16.9891705$53509739
1$Jan Čarný$2$Jan Holouš$Coleman S.I., a.s.$189$ BRNO$MORAVANSKÁ 224/98$49.1445836$ 16.6051882$53533141
1$Jan Čarný$2$Jan Holouš$Coleman S.I., a.s.$190$ČESKÝ TĚŠÍN$STROJNICKÁ 373$49.7509104$ 18.5985332$53533144
1$Jan Čarný$3$Jan Sladký$Richter + Frenzel s.$191$HRADEC KRÁLOVÉ$STAVEBNÍ 1066$50.2305473$ 15.8633479$53533176
1$Jan Čarný$5$Martin Lukeš$Richter + Frenzel s.$192$ MĚLNÍK$NŮŠAŘSKÁ 2908$50.3609602$ 14.4654136$53533180
1$Jan Čarný$3$Jan Sladký$Richter + Frenzel s.$193$BENEŠOV$KŘIŽÍKOVA 2107$49.7720502$ 14.6812808$53533182
1$Jan Čarný$3$Jan Sladký$Richter + Frenzel s.$194$SVRATKA$PARTYZÁNSKÁ 354$49.7090195$ 16.0231077$53533185
1$Jan Čarný$5$Martin Lukeš$Richter + Frenzel s.$195$ PRAHA 6$VÝTVARNÁ 1025/6$50.0783198$ 14.3104853$53533186
1$Jan Čarný$2$Jan Holouš$Richter + Frenzel s.$196$TŘEBÍČ$RAFAELOVA 750$49.2211268$ 15.8986446$53533190
1$Jan Čarný$3$Jan Sladký$Richter + Frenzel s.$197$PELHŘIMOV$PRAŽSKÁ 981$49.4360313$ 15.2176252$53533191
1$Jan Čarný$2$Jan Holouš$Richter + Frenzel s.$198$BRUNTÁL$ŽLUTÝ KOPEC 23$49.9900694$ 17.4760443$53533192
1$Jan Čarný$3$Jan Sladký$Richter + Frenzel s.$199$PARDUBICE$HRADIŠŤSKÁ 407$50.0623431$ 15.7667780$53533195
1$Jan Čarný$5$Martin Lukeš$Richter + Frenzel s.$200$LIBEREC$PARTYZÁNSKÁ ULICE - LETIŠTĚ$50.769429$ 15.029143$53533196
1$Jan Čarný$5$Martin Lukeš$STAVMAT STAVEBNINY a$201$PRAHA 5 - STODŮLKY$JEREMIÁŠOVA 1131$50.0594809$ 14.3091876$53533202
1$Jan Čarný$3$Jan Sladký$STAVMAT STAVEBNINY a$202$ČESKÉ BUDĚJOVICE 4$VRBENSKÁ  547$48.9760616$ 14.5005642$53533204
1$Jan Čarný$5$Martin Lukeš$STAVMAT STAVEBNINY a$203$ČESKÁ LÍPA$DUBICKÁ 2060/80$50.6777553$ 14.5239298$53533205
1$Jan Čarný$3$Jan Sladký$STAVMAT STAVEBNINY a$204$MILOVICE$NÁMĚSTÍ 30. ČERVNA 626$50.2283910$ 14.8774784$53533206
1$Jan Čarný$3$Jan Sladký$STAVMAT STAVEBNINY a$205$NYMBURK$DRAHELICKÁ 2083$50.1808296$ 15.0281762$53533208
1$Jan Čarný$3$Jan Sladký$STAVMAT STAVEBNINY a$206$HRADEC KRÁLOVÉ$U FOTOCHEMY 469$50.2226982$ 15.8157834$53533210
1$Jan Čarný$5$Martin Lukeš$STAVMAT STAVEBNINY a$207$ KRALŮV DVŮR$PLZEŇSKÁ 528$49.9507063$ 14.0406811$53533211
1$Jan Čarný$2$Jan Holouš$Fabory CZ Holding s.$208$BRNO$VÍDEŇSKÁ 153/119B$49.1510295$ 16.6019572$53533214
1$Jan Čarný$2$Jan Holouš$Fabory CZ Holding s.$209$PŘEROV$TOVÁRNÍ 2993/4$49.4448626$ 17.4522566$53533215
1$Jan Čarný$2$Jan Holouš$Fabory CZ Holding s.$210$OLOMOUC$NEDVĚDOVA 4$49.5813565$ 17.2467432$53533217
1$Jan Čarný$3$Jan Sladký$Fabory CZ Holding s.$211$HRADEC KRÁLOVÉ$RESSLOVA 768$50.2160069$ 15.8244436$53533218
1$Jan Čarný$5$Martin Lukeš$Fabory CZ Holding s.$212$LIBEREC$MILADY HORÁKOVÉ 1093$50.7488865$ 15.0606747$53533220
1$Jan Čarný$5$Martin Lukeš$STAVMAT STAVEBNINY a$213$DĚČÍN - STARÉ MĚSTO$ZELENÁ UL.$50.7696333$ 14.2211937$53533223
1$Jan Čarný$5$Martin Lukeš$STAVMAT STAVEBNINY a$214$LIBEREC$SOKOLOVSKÉ NÁM. 304/9$50.7702820$ 15.0543993$53533226
1$Jan Čarný$5$Martin Lukeš$WOODCOTE CZ, a.s.$215$PRAHA 8 - LIBEŇ$U PEKAŘKY 281/3$50.1141716$ 14.4793465$53533264
1$Jan Čarný$2$Jan Holouš$WOODCOTE CZ, a.s.$216$BRNO$TRAŤOVÁ 1$49.1626286$ 16.5924719$53533266
1$Jan Čarný$2$Jan Holouš$WOODCOTE CZ, a.s.$217$PROSTĚJOV$ZA OLOMOUCKOU 4422$49.4828756$ 17.1190103$53533269
1$Jan Čarný$5$Martin Lukeš$WOODCOTE CZ, a.s.$218$KLECANY$DOLNÍ KASÁRNA 946$50.1798299$ 14.4062787$53533270
1$Jan Čarný$3$Jan Sladký$WOODCOTE CZ, a.s.$219$HRADEC KRÁLOVÉ$PRAŽSKÁ 13$50.2087645$ 15.8036800$53533272
1$Jan Čarný$5$Martin Lukeš$STAVMAT STAVEBNINY a$220$BRAŠKOV$BRAŠKOV 17$50.1020327$ 14.1007587$53533273
1$Jan Čarný$5$Martin Lukeš$STAVMAT STAVEBNINY a$221$LIBEREC$BÁNSKOBYSTRICKÁ 114/6$50.7456628$ 15.0323138$53533277
1$Jan Čarný$2$Jan Holouš$Gienger, spol.s r.o.$222$BRNO-SLATINA$TUŘANKA 115$49.1659917$ 16.6826320$53533289
1$Jan Čarný$2$Jan Holouš$Gienger, spol s r.o.$223$NAPAJEDLA$KVÍTKOVICKÁ 1633$49.1909813$ 17.5338884$53533290
1$Jan Čarný$2$Jan Holouš$Stavebniny DEK a.s.$224$BRNO$PRAŽÁKOVA 52$49.1681769$ 16.6040686$53533292
1$Jan Čarný$3$Jan Sladký$Stavebniny DEK a.s.$225$ČESKÉ BUDĚJOVICE$LITVÍNOVICE 219$48.9609670$ 14.4547207$53533293
1$Jan Čarný$5$Martin Lukeš$Stavebniny DEK a.s.$226$KLADNO$UL. ŽELEZNIČÁŘŮ$50.1319905$ 14.1023264$53533294
1$Jan Čarný$5$Martin Lukeš$Stavebniny DEK a.s.$227$SOKOLOV$DOBROVSKÉHO$50.1661665$ 12.6469114$53533297
1$Jan Čarný$5$Martin Lukeš$Stavebniny DEK a.s.$228$PRAHA - HOSTIVAŘ$PRŮMYSLOVÁ 1575$50.0674830$ 14.5354700$53533300
1$Jan Čarný$3$Jan Sladký$PRO-DOMA, spol. s r.$229$BENEŠOV$KŘIŽÍKOVA 1703$49.7728144$ 14.6805813$53533301
1$Jan Čarný$5$Martin Lukeš$PRO-DOMA, SE$230$PRAHA - BOŘANOVICE$DRUŽSTEVNÍ 81$50.1811630$ 14.4845176$53533302
1$Jan Čarný$3$Jan Sladký$PRO-DOMA, SE$231$ČESKÝ BROD$PODSKALÍ 448$50.0715069$ 14.8596439$53533306
1$Jan Čarný$5$Martin Lukeš$PRO-DOMA, spol. s r.$232$KLADNO$VAŠÍČKOVA 113$50.1481387$ 14.0717628$53533307
1$Jan Čarný$3$Jan Sladký$PRO-DOMA, spol. s r.$233$MUKAŘOV$U MOTOTECHNY 89$49.9915182$ 14.7226909$53533340
1$Jan Čarný$3$Jan Sladký$PRO-DOMA, spol. s r.$234$ČESKÉ BUDĚJOVICE$RUDOLFOVSKÁ 498/170,$48.9842240$ 14.5162704$53533342
1$Jan Čarný$5$Martin Lukeš$PRO-DOMA, spol. s r.$235$PÍSEK$NA ROZHLEDNĚ 1252$49.3015095$ 14.1365033$53533343
1$Jan Čarný$5$Martin Lukeš$PRO-DOMA, spol. s r.$236$ÚSTÍ NAD LABEM$PŘÍSTAVNÍ 812/59$50.6622678$ 14.0692317$53533347
1$Jan Čarný$5$Martin Lukeš$PRO-DOMA, spol. s r.$237$LIBEREC$HEJNICKÁ 225$50.8098025$ 15.0366783$53533349
1$Jan Čarný$3$Jan Sladký$PRO-DOMA, spol. s r.$238$HOŘICE$HUSOVA 1416$50.3565489$ 15.6322913$53533350
1$Jan Čarný$2$Jan Holouš$PRO-DOMA, spol. s r.$239$ÚSTÍ NAD ORLICÍ$NA BĚLISKU 1229$49.9727365$ 16.3871530$53533351
1$Jan Čarný$2$Jan Holouš$PRO-DOMA, SE$240$BRNO$ŘÍPSKÁ 7$49.1719859$ 16.6837384$53533352
1$Jan Čarný$2$Jan Holouš$PRO-DOMA, spol. s r.$241$MOHELNICE$TŘEBOVSKÁ 164/34$49.7781738$ 16.9140827$53533355
1$Jan Čarný$2$Jan Holouš$PRO-DOMA, spol. s r.$242$PROSTĚJOV$SEBASTINIHO 439/2$49.4852015$ 17.1242219$53533356
1$Jan Čarný$2$Jan Holouš$STAVMAT STAVEBNINY a$243$KYJOV$ZA HUMNY$49.0267803$ 17.1234343$53508033
1$Jan Čarný$5$Martin Lukeš$PRO-DOMA, spol. s r.$244$STRAKONICE$POD HRADEM 5$49.2568580$ 13.8998338$53507983
1$Jan Čarný$5$Martin Lukeš$PRO-DOMA, SE$245$STRAKONICE$POD HRADEM 5$49.2568580$ 13.8998338$53509381
1$Jan Čarný$5$Martin Lukeš$WOODCOTE CZ, a.s.$246$KLATOVY$LUBY 165$49.3771229$ 13.3002577$53533265
1$Jan Čarný$3$Jan Sladký$Stavebniny DEK a.s.$247$JIHLAVA$NA HRANICI 4966/01$49.4280789$ 15.6047407$53508363
1$Jan Čarný$2$Jan Holouš$Stavebniny DEK a.s.$248$OLOMOUC$PAVELKOVA 10A$49.5889418$ 17.2996044$53508222
1$Jan Čarný$2$Jan Holouš$DŘEVO TRUST, a.s.$249$OLOMOUC$JEREMENKOVA 10$49.5975588$ 17.2737356$53508076
1$Jan Čarný$2$Jan Holouš$Stavebniny DEK a.s.$250$SVITAVY$OLBRACHTOVA 2053/31$49.7630070$ 16.4613885$53533298
1$Jan Čarný$2$Jan Holouš$Richter + Frenzel s.$251$ OSTRAVA PORUBA$17. LISTOPADU 3A/6205$49.8176538$ 18.1588294$53533184
1$Jan Čarný$3$Jan Sladký$FALCO-Profi, spol. s$252$CHOTUSICE$CHOTUSICE 287$49.9508826$ 15.3967775$53505054
1$Jan Čarný$5$Martin Lukeš$Stavebniny DEK a.s.$253$VESTEC$NAD JEZEREM 588$49.9876991$ 14.4917720$53508370
1$Jan Čarný$5$Martin Lukeš$GIENGER CENTRON, s.r$254$PRAHA 4$U RAKOVKY 1254/20$50.0073102$ 14.4736548$53501661
1$Jan Čarný$3$Jan Sladký$STAVMAT STAVEBNINY a$255$PARDUBICE$MILHEIMOVA 2705$50.0295309$ 15.7629489$53508041
1$Jan Čarný$3$Jan Sladký$Remirent ČR, s.r.o.$256$PRAHA 4$JEREMENKOVA 1021/70$50.0435419$ 14.4243954$53508459
1$Jan Čarný$3$Jan Sladký$PRO-DOMA, SE$257$BROD$LIBLICE 184$50.0772450$ 14.8725420$53508136
1$Jan Čarný$5$Martin Lukeš$Richter + Frenzel s.$258$PRAHA 9 - KYJE$U TECHNOPLYNU 1572/1$50.0818235$ 14.5398531$53501031
1$Jan Čarný$5$Martin Lukeš$STAVMAT STAVEBNINY a$259$KARLOVY VARY$NAD DVOREM 1$50.2358907$ 12.8392688$53508169
1$Jan Čarný$5$Martin Lukeš$KARLOMIX - TRADE s.r$260$KARLOVY VARY 17$ROSNICE 63$50.2478974$ 12.8404895$53508464
1$Jan Čarný$5$Martin Lukeš$DŘEVO TRUST, a.s.$261$TURNOV$VESECKO 482$50.6020444$ 15.1457476$53508086
1$Jan Čarný$5$Martin Lukeš$PRO-DOMA, SE$262$JABLONEC NAD NISOU$LADOVA 4940/32$50.7400265$ 15.1548234$53508139
1$Jan Čarný$3$Jan Sladký$STAVMAT STAVEBNINY a$263$JIHLAVA$ZNOJEMSKÁ 119$49.3793434$ 15.5918209$53507974
1$Jan Čarný$5$Martin Lukeš$PRO-DOMA, spol. s r.$264$PŘÍBRAM$V LUKÁCH$49.7024130$ 14.0014300$53507993
1$Jan Čarný$2$Jan Holouš$Stavebniny DEK a.s.$265$NOVÝ JIČÍN$HŘBITOVNÍ 1976/69$49.6049986$ 18.0346151$53507998
1$Jan Čarný$2$Jan Holouš$STAVMAT STAVEBNINY a$266$BLANSKO$BRNĚNSKÁ 856$49.3540174$ 16.6409237$53508015
1$Jan Čarný$2$Jan Holouš$STAVMAT STAVEBNINY a$267$BRNO$ŽELEZNÁ 15$49.1703277$ 16.6121627$53508017
1$Jan Čarný$3$Jan Sladký$STAVMAT STAVEBNINY a$268$HRADEC KRÁLOVÉ$BRATŘÍ ŠTEFANŮ 979$50.2181451$ 15.8817659$53508022
1$Jan Čarný$3$Jan Sladký$STAVMAT STAVEBNINY a$269$JIČÍN$TEXTILNÍ 965$50.4333311$ 15.3654901$53508027
1$Jan Čarný$5$Martin Lukeš$STAVMAT STAVEBNINY a$270$KLADNO$PETRA BEZRUČE 1795$50.1356625$ 14.0954062$53508031
1$Jan Čarný$5$Martin Lukeš$STAVMAT STAVEBNINY a$271$LIBEREC$AMERICKÁ 393$50.7568330$ 15.0265087$53508035
1$Jan Čarný$2$Jan Holouš$STAVMAT STAVEBNINY a$272$OSTRAVA$ŠTRAMBERSKÁ 43$49.8147640$ 18.2562409$53508040
1$Jan Čarný$5$Martin Lukeš$STAVMAT STAVEBNINY a$273$PÍSEK$ZA ŠARLÁKEM 1938$49.2976727$ 14.1493838$53508043
1$Jan Čarný$5$Martin Lukeš$STAVMAT STAVEBNINY a$274$PRAHA 3 - ŽIŽKOV$ŽELIVSKÉHO 2$50.0837200$ 14.4734576$53508045
1$Jan Čarný$5$Martin Lukeš$STAVMAT STAVEBNINY a$275$RUDNÁ$POD MŮSTKEM 884$50.0237276$ 14.2136725$53508048
1$Jan Čarný$5$Martin Lukeš$STAVMAT STAVEBNINY a$276$STRAKONICE$BAAROVA 277$49.2711364$ 13.9138882$53508051
1$Jan Čarný$2$Jan Holouš$STAVMAT STAVEBNINY a$277$ÚSTÍ NAD LABEM$JATEČNÍ 458$50.6612429$ 13.9997495$53508056
1$Jan Čarný$3$Jan Sladký$STAVMAT STAVEBNINY a$278$VLAŠIM$VELÍŠSKÁ 971$49.7039172$ 14.8920090$53508059
1$Jan Čarný$2$Jan Holouš$STAVMAT STAVEBNINY a$279$ZNOJMO$KOTKOVA UL.$48.8481282$ 16.0605729$53508061
1$Jan Čarný$2$Jan Holouš$DŘEVO TRUST, a.s.$280$NOVÝ JIČÍN$NÁDRAŽNÍ 45$49.5918760$ 18.0185167$53508072
1$Jan Čarný$2$Jan Holouš$DŘEVO TRUST, a.s.$281$JESENÍK$LIPOVSKÁ 19$50.2285687$ 17.2010536$53508074
1$Jan Čarný$2$Jan Holouš$DŘEVO TRUST, a.s.$282$PROSTĚJOV$URČICKÁ 5101$49.4594163$ 17.1003634$53508077
1$Jan Čarný$2$Jan Holouš$DŘEVO TRUST, a.s.$283$HUMPOLEC$NERUDOVA 603$49.5483258$ 15.3502799$53508082
1$Jan Čarný$5$Martin Lukeš$DŘEVO TRUST, a.s.$284$STRÁŽ NAD NISOU$KATEŘINSKÁ 725$50.7895876$ 15.0327993$53508085
1$Jan Čarný$3$Jan Sladký$DŘEVO TRUST, a.s.$285$TRUTNOV$ZAHRADNÍ ULICE$50.5746665$ 15.8939609$53508088
1$Jan Čarný$3$Jan Sladký$Gienger, spol s r.o.$286$TÁBOR$MĚŠICKÁ 3020$49.4040043$ 14.6891993$53508102
1$Jan Čarný$2$Jan Holouš$PRO-DOMA, SE$287$PROSTĚJOV$SEBASTINIHO 2$49.4852015$ 17.1242219$53508133
1$Jan Čarný$3$Jan Sladký$PRO-DOMA, SE$288$ÚPICE$PALACKÉHO$50.5101923$ 16.0217426$53508135
1$Jan Čarný$3$Jan Sladký$PRO-DOMA, SE$289$KOSTELEC$PRAŽSKÁ 857$49.9923512$ 14.8435857$53508141
1$Jan Čarný$3$Jan Sladký$Stavebniny DEK a.s.$290$TRUTNOV$MÍROVÁ 649$50.5782590$ 15.8895560$53508145
1$Jan Čarný$2$Jan Holouš$STAVMAT STAVEBNINY a$291$BŘECLAV$LIDICKÁ 134$48.7791958$ 16.9025489$53508163
1$Jan Čarný$2$Jan Holouš$STAVMAT STAVEBNINY a$292$UHERSKÝ BROD$VÁZOVÁ 2131$49.0202470$ 17.6368509$53508168
1$Jan Čarný$2$Jan Holouš$STAVMAT IN, a.s.$293$KROMĚŘÍŽ$KAPLANOVA 3364$49.3087652$ 17.4007040$53508170
1$Jan Čarný$2$Jan Holouš$STAVMAT STAVEBNINY a$294$BLANSKO$NA BRANKÁCH 1284/6$49.3573637$ 16.6417679$53508171
1$Jan Čarný$2$Jan Holouš$Stavebniny DEK a.s.$295$ŠUMPERK$JÍLOVÁ 1A$49.9557204$ 16.9639845$53508240
1$Jan Čarný$3$Jan Sladký$CENTROSTAV, a.s.$296$JIHLAVA$NA DOLECH 7A$49.4107555$ 15.5667729$53508299
1$Jan Čarný$5$Martin Lukeš$BigMat CZ, obchodní$297$PRAHA 9 - HORNÍ POČERNICE$SEZEMICKÁ 2757/2$50.1247742$ 14.6222716$53508300
1$Jan Čarný$3$Jan Sladký$DEKTRADE a.s.$298$HRADEC KRÁLOVÉ$VÁŽNÍ 953$50.2244010$ 15.8667400$53508318
1$Jan Čarný$5$Martin Lukeš$Schachermayer, spol.$299$PRAHA 4$MEZI VODAMI 1935/7$50.0079306$ 14.4023552$53508343
1$Jan Čarný$5$Martin Lukeš$ARUTI CZ s.r.o.$300$PRAHA 8 - KOBYLISY$MÍROVICKÁ 1094/30$50.1297486$ 14.4478248$53508358
1$Jan Čarný$5$Martin Lukeš$Stavebniny DEK a.s.$301$DĚČÍN$FOLKNÁŘSKÁ UL.$50.7760631$ 14.2341042$53508361
1$Jan Čarný$5$Martin Lukeš$Stavebniny DEK a.s.$302$CHOMUTOV$SPOŘICE 504$50.4417279$ 13.3942766$53508362
1$Jan Čarný$5$Martin Lukeš$Stavebniny DEK a.s.$303$LIBEREC - ROCHLICE$NA LUKÁCH 848$50.7457289$ 15.0590153$53508366
1$Jan Čarný$5$Martin Lukeš$Stavebniny DEK a.s.$304$PRACHATICE$KRUMLOVSKÁ 88$49.0043770$ 14.0073708$53508371
1$Jan Čarný$5$Martin Lukeš$Stavebniny DEK a.s.$305$PŘÍBRAM VI-BŘEZOVÉ HORY$K PODLESÍ$49.6921396$ 13.9902972$53508374
1$Jan Čarný$3$Jan Sladký$Stavebniny DEK a.s.$306$TÁBOR$ČEKANICE 270$49.4312142$ 14.6873122$53508377
1$Jan Čarný$2$Jan Holouš$Stavebniny DEK a.s.$307$TŘEBÍČ$PRŮMYSLOVÁ 171$49.2098330$ 15.8985499$53508378
1$Jan Čarný$2$Jan Holouš$Richter + Frenzel s.$308$UHERSKÝ BROD$VLČNOVSKÁ 2512$49.0185710$ 17.6377983$53508440
1$Jan Čarný$5$Martin Lukeš$FALCO - systém, spol$309$CHEB$VRÁZOVA 9$50.0765724$ 12.3887701$53508465
1$Jan Čarný$5$Martin Lukeš$KARPEM a.s.$310$HORŠOVSKÝ TÝN$NÁMĚSTÍ REPUBLIKY 59$49.5294458$ 12.9447900$53508476
1$Jan Čarný$5$Martin Lukeš$ONO Stavebniny s.r.o$311$ŠUMPERK$PRŮMYSLOVÁ 3083/1$49.9549660$ 16.9680077$53508498
1$Jan Čarný$5$Martin Lukeš$STAVMAT STAVEBNINY a$312$PLZEŇ$PAPÍRNICKÁ UL.$49.7372445$ 13.3866654$53508611
1$Jan Čarný$5$Martin Lukeš$VIMAT s.r.o.$313$PRAHA 6$TOMANOVA 2299/12$50.0803564$ 14.3717714$53508621
1$Jan Čarný$5$Martin Lukeš$Fabory CZ Holding s.$314$MLADÁ BOLESLAV$HAVLÍČKOVA 1444$50.4337007$ 14.9184222$53508628
1$Jan Čarný$3$Jan Sladký$Stavebniny DEK a.s.$315$JINDŘICHŮV HRADEC$OTÍN 193$49.1360521$ 15.0402199$53508674
1$Jan Čarný$2$Jan Holouš$STAVMAT STAVEBNINY a$316$BRNO$ŽELEZNÁ 670/15$49.1703277$ 16.6121627$53508764
1$Jan Čarný$3$Jan Sladký$DKNV stavební, s.r.o$317$PRAHA 4$LIBUŠSKÁ 248$50.0125899$ 14.4592852$53508853
1$Jan Čarný$5$Martin Lukeš$Stavebniny DEK a.s.$318$TEPLICE$HŘBITOVNÍ$50.6435668$ 13.8156169$53509068
1$Jan Čarný$5$Martin Lukeš$STAVMAT STAVEBNINY a$319$CHEB$VRÁZOVA 3A$50.0771287$ 12.3846715$53509079
1$Jan Čarný$5$Martin Lukeš$Jakub Galát$320$PRAHA - VYSOČANY$STAROMLÝNSKÁ 498/2$50.1086942$ 14.4986777$53509151
1$Jan Čarný$3$Jan Sladký$Gienger, spol s r.o.$321$ŽĎÁR NAD SÁZAVOU$JAMSKÁ 2486/8$49.5525797$ 15.9478100$53509242
1$Jan Čarný$2$Jan Holouš$Gienger, spol s r.o.$322$ZNOJMO$DOBŠICKÁ 17$48.8522681$ 16.0774611$53509246
1$Jan Čarný$2$Jan Holouš$Gienger, spol s r.o.$323$LANŠKROUN$OPLETALOVA 92$49.9144572$ 16.6125226$53509248
1$Jan Čarný$2$Jan Holouš$Gienger, spol s r.o.$324$NOVÝ JIČÍN$SVATOPLUKA ČECHA 2088/13$49.6015231$ 18.0178055$53509251
1$Jan Čarný$3$Jan Sladký$Stavebniny DEK a.s.$325$CHRUDIM$PARDUBICKÁ 528$49.9575984$ 15.7855321$53509299
1$Jan Čarný$5$Martin Lukeš$PRO-DOMA, SE$326$LIBEREC$HEJNICKÁ 225$50.8098025$ 15.0366783$53509366
1$Jan Čarný$3$Jan Sladký$PRO-DOMA, SE$327$ČESKÉ BUDĚJOVICE$RUDOLFOVSKÁ 170$48.9857157$ 14.5164315$53509367
1$Jan Čarný$2$Jan Holouš$PRO-DOMA, SE$328$BRNO - SLATINA$ŘÍPSKÁ 7$49.1719859$ 16.6837384$53509370
1$Jan Čarný$5$Martin Lukeš$PRO-DOMA, SE$329$KARLOVY VARY$JÁCHYMOVSKÁ 104$50.2449700$ 12.8760123$53509375
1$Jan Čarný$5$Martin Lukeš$PRO-DOMA, SE$330$DOBŘÍŠ$NAD PRACHANDOU 1028$49.7907653$ 14.1891046$53509383
1$Jan Čarný$5$Martin Lukeš$PRO-DOMA, SE$331$OSNICE$OSNICE 1$49.9722351$ 14.5523028$53509387
1$Jan Čarný$2$Jan Holouš$PRO-DOMA, SE$332$OLOMOUC$U HŘIŠTĚ 880/6$49.5756240$ 17.2977980$53509394
1$Jan Čarný$5$Martin Lukeš$PRO-DOMA, SE$333$CHOMUTOV$DOLNÍ 3398$50.4519950$ 13.4196540$53509399
1$Jan Čarný$5$Martin Lukeš$Stavebniny DEK a.s.$334$KOSMONOSY$UL. PRŮMYSLOVÁ$50.4299299$ 14.9322735$53509567
1$Jan Čarný$2$Jan Holouš$Stavebniny DEK a.s.$335$MIKULOV$K VÁPENCE 965/5$48.8044174$ 16.6256466$53509744
1$Jan Čarný$5$Martin Lukeš$Richter + Frenzel s.$336$ PLZEŇ$SLOVANSKÁ ALEJ 24$49.7251589$ 13.4058523$53533177
1$Jan Čarný$2$Jan Holouš$Richter + Frenzel s.$337$ BRNO - KRÁLOVO POLE$KŘIŽÍKOVA 70$49.2226005$ 16.6168642$53533179
1$Jan Čarný$2$Jan Holouš$Richter + Frenzel s.$338$OLOMOUC$BABIČKOVA 6$49.5850819$ 17.2654003$53533183
1$Jan Čarný$5$Martin Lukeš$Richter + Frenzel s.$339$VARNSDORF$UL. LEGIÍ 2165$50.9131126$ 14.6278591$53533188
1$Jan Čarný$2$Jan Holouš$Richter + Frenzel s.$340$BRNO - ŽIDLOCHOVICE$NÁDRAŽNÍ 92$49.0311431$ 16.6166639$53533189
1$Jan Čarný$5$Martin Lukeš$STAVMAT STAVEBNINY a$341$PRAHA 8 - BŘEZINĚVES$U ČERPACÍ STANICE$50.1708400$ 14.4895770$53533203
1$Jan Čarný$2$Jan Holouš$STAVMAT STAVEBNINY a$342$BOHUMÍN$9. KVĚTNA 155$49.8996951$ 18.3528796$53533207
1$Jan Čarný$5$Martin Lukeš$Fabory CZ Holding s.$343$PLZEŇ$REPUBLIKÁNSKÁ 2$49.7466484$ 13.4067834$53533212
1$Jan Čarný$2$Jan Holouš$Fabory CZ Holding s.$344$ZLÍN$TŘ. TOMÁŠE BATI 5331$49.2212507$ 17.6482974$53533213
1$Jan Čarný$2$Jan Holouš$Fabory CZ Holding s.$345$OSTRAVA - MARIÁNSKÉ HORY$OBĚŽNÁ 2103/16$49.8352057$ 18.2524644$53533216
1$Jan Čarný$5$Martin Lukeš$Fabory CZ Holding s.$346$PRAHA 10 - STRAŠNICE$U TRATI 38A$50.0667266$ 14.4903317$53533221
1$Jan Čarný$3$Jan Sladký$Fabory CZ Holding s.$347$ČESKÉ BUDĚJOVICE$NOVOHRADSKÁ 36$48.9640566$ 14.4858842$53533222
1$Jan Čarný$5$Martin Lukeš$STAVMAT STAVEBNINY a$348$PRAHA 13 - STODŮLKY$NÁROŽNÍ 7/1400$50.0531366$ 14.3358199$53533227
1$Jan Čarný$3$Jan Sladký$WOODCOTE CZ, a.s.$349$ČESKÉ BUDĚJOVICE$NOVOHRADSKÁ 1603$48.9575075$ 14.4927097$53533267
1$Jan Čarný$5$Martin Lukeš$WOODCOTE CZ, a.s.$350$LIBEREC$ČESKÁ UL.$50.7375063$ 15.0629232$53533268
1$Jan Čarný$3$Jan Sladký$WOODCOTE CZ, a.s.$351$KOLÍN$TŘÍDVORSKÁ 1$50.0326034$ 15.2219010$53533271
1$Jan Čarný$5$Martin Lukeš$STAVMAT STAVEBNINY a$352$HOŠTKA$LITOMĚŘICKÁ 249$50.4899713$ 14.3269568$53533281
1$Jan Čarný$2$Jan Holouš$Gienger, spol s r.o.$353$OSTRAVA - KUNČIČKY$RAJNOCHOVA 655/186$49.8152395$ 18.2945261$53533287
1$Jan Čarný$3$Jan Sladký$Stavebniny DEK a.s.$354$BENEŠOV$KŘIŽÍKOVA 1590$49.7733451$ 14.6841931$53533291
1$Jan Čarný$2$Jan Holouš$Stavebniny DEK a.s.$355$OPAVA$TĚŠÍNSKÁ$49.9315426$ 17.9271494$53533295
1$Jan Čarný$5$Martin Lukeš$Stavebniny DEK a.s.$356$PRAHA 5 - ZLIČÍN$DO BLATIN 373$50.0616687$ 14.2978876$53533296
1$Jan Čarný$5$Martin Lukeš$Stavebniny DEK a.s.$357$ÚSTÍ NAD LABEM$ŽIŽKOVA 3298$50.6507458$ 14.0184998$53533299
1$Jan Čarný$5$Martin Lukeš$PRO-DOMA, SE$358$BRANDÝS NAD LABEM$BOLESLAVSKÁ 82/5$50.1986332$ 14.6806667$53533303
1$Jan Čarný$5$Martin Lukeš$PRO-DOMA, SE$359$ČESKÝ BROD - LIBLICE$CUKROVARSKÁ 184$50.0771350$ 14.8725429$53533304
1$Jan Čarný$3$Jan Sladký$PRO-DOMA, spol. s r.$360$KOLÍN$HAVLÍČKOVA 290$50.0144972$ 15.2214367$53533308
1$Jan Čarný$5$Martin Lukeš$PRO-DOMA, spol. s r.$361$KARLOVY VARY$JÁCHYMOVSKÁ 104/40$50.2392833$ 12.8713163$53533346
1$Jan Čarný$5$Martin Lukeš$Bosch Termotechnika$362$PRAHA$PRŮMYSLOVÁ  372/1$50.0754779$ 14.5363198$53580115
9$Vladimír Bílek$6$Jakub Zdařil$BAUHAUS k.s.$363$BRNO$STRÁŽNÍ 7$49.169444444444444$16.610000000000003$53500854
9$Vladimír Bílek$6$Jakub Zdařil$BAUHAUS k.s.$364$BRNO - IVANOVICE$ŘEČKOVICKÁ UL.$49.25416666666667$16.57611111111111$53508012
9$Vladimír Bílek$7$Stehlík Tomáš$BAUHAUS k.s.$365$PLZEŇ$STAVEBNÍ 2157/1$49.728611111111114$13.33888888888889$53508663
9$Vladimír Bílek$7$Stehlík Tomáš$BAUHAUS k.s.$366$PRAHA 4 - PANKRÁC$BUDĚJOVICKÁ 5$50.03388888888889$14.440555555555555$53533016
9$Vladimír Bílek$7$Stehlík Tomáš$BAUHAUS k.s.$367$PRAHA-DOLNÍ CHABRY$ÚSTECKÁ UL.$50.135555555555555$14.4575$53533028
9$Vladimír Bílek$7$Stehlík Tomáš$BAUHAUS k.s.$368$ŘÍČANY U PRAHY$U MAKRA 130$50.0$14.57611111111111$53533073
9$Vladimír Bílek$7$Stehlík Tomáš$BAUHAUS k.s.$369$LIBEREC$NÁKUPNÍ ZÓNA SEVER$50.779444444444444$15.016944444444444$53533259
9$Vladimír Bílek$3$Jan Sladký$BAUHAUS k.s.$370$ČESKÉ BUDĚJOVICE$ČESKÉ  VRBNÉ 2380$49.0$14.4575$53533284
9$Vladimír Bílek$7$Stehlík Tomáš$Electro World s.r.o.$371$PRAHA 9$CHLUMECKÁ 1531$50.10166666666667$14.57611111111111$53509197
9$Vladimír Bílek$7$Stehlík Tomáš$Electro World s.r.o.$372$PRAHA 5 - ZLIČÍN$ŘEVNICKÁ 1/121$50.05083333333333$14.288055555555555$53509198
9$Vladimír Bílek$7$Stehlík Tomáš$Electro World s.r.o.$373$ČESTLICE$U MAKRA 123$50.0$14.57611111111111$53509199
9$Vladimír Bílek$6$Jakub Zdařil$Electro World s.r.o.$374$BRNO$SKANDINÁVSKÁ 6$49.152499999999996$16.626944444444444$53509201
9$Vladimír Bílek$6$Jakub Zdařil$Electro World s.r.o.$375$OSTRAVA$RUDNÁ 122/3118$49.81333333333333$18.220277777777778$53509202
9$Vladimír Bílek$3$Jan Sladký$Electro World s.r.o.$376$HRADEC KRÁLOVÉ$RAŠÍNOVA 1669$50.186388888888885$15.813333333333334$53509203
9$Vladimír Bílek$6$Jakub Zdařil$Electro World s.r.o.$377$OLOMOUC$KAFKOVA 466/5$49.57611111111112$17.220277777777778$53509204
9$Vladimír Bílek$7$Stehlík Tomáš$Electro World s.r.o.$378$PLZEŇ$NÁKUPNÍ 1459/5$49.745555555555555$13.440555555555555$53509205
9$Vladimír Bílek$7$Stehlík Tomáš$Electro World s.r.o.$379$KARLOVY VARY - DVORY$CHEBSKÁ 381/19C$50.22027777777778$12.830277777777777$53509206
9$Vladimír Bílek$7$Stehlík Tomáš$Electro World s.r.o.$380$ÚSTÍ NAD LABEM - VŠEBOŘICE$HAVÍŘSKÁ 354/15$50.69472222222222$13.999722222222221$53509207
9$Vladimír Bílek$7$Stehlík Tomáš$Electro World s.r.o.$381$PLZEŇ - ČERNICE$PÍSECKÁ 972/1$49.711666666666666$13.42361111111111$53509208
9$Vladimír Bílek$6$Jakub Zdařil$Electro World s.r.o.$382$BRNO - MODŘICE$U DÁLNICE 777$49.135555555555555$16.64388888888889$53509209
9$Vladimír Bílek$6$Jakub Zdařil$Electro World s.r.o.$383$OSTRAVA$VARENSKÁ 50/3309$49.84722222222222$18.27111111111111$53509210
9$Vladimír Bílek$3$Jan Sladký$Electro World s.r.o.$384$ČESKÉ BUDĚJOVICE$ČESKÉ VRBNÉ 2360$48.999722222222225$14.4575$53509211
9$Vladimír Bílek$7$Stehlík Tomáš$Electro World s.r.o.$385$LIBEREC IX$SOUSEDSKÁ 599$50.779444444444444$15.016944444444444$53509212
9$Vladimír Bílek$7$Stehlík Tomáš$Electro World s.r.o.$386$MLADÁ BOLESLAV$JIČÍNSKÁ 1419$50.406666666666666$14.94888888888889$53509213
9$Vladimír Bílek$3$Jan Sladký$Electro World s.r.o.$387$PARDUBICE$PALACKÉHO TŘ. 2748$50.03388888888889$15.7625$53509214
9$Vladimír Bílek$7$Stehlík Tomáš$Electro World s.r.o.$388$PRAHA 5 - JINONICE$RADLICKÁ 520/117$50.03388888888889$14.355833333333333$53509215
9$Vladimír Bílek$6$Jakub Zdařil$Electro World s.r.o.$389$ZLÍN - MALENOVICE$Třída 3. května 1205$49.20333333333333$17.57611111111111$53509216
9$Vladimír Bílek$7$Stehlík Tomáš$HORNBACH BAUMARKT CS$390$PRAHA 9$CHLUMECKÁ 2398$50.10166666666667$14.57611111111111$53503145
9$Vladimír Bílek$7$Stehlík Tomáš$HORNBACH BAUMARKT CS$391$PLZEŇ$U Prazdroje 2750/24$49.745555555555555$13.389722222222222$53507913
9$Vladimír Bílek$6$Jakub Zdařil$HORNBACH BAUMARKT CS$392$OSTRAVA - VÍTKOVICE$RUDNÁ 2978/11$49.81333333333333$18.27111111111111$53507914
9$Vladimír Bílek$7$Stehlík Tomáš$HORNBACH BAUMARKT CS$393$ČESTLICE$LIPOVÁ 281$49.999722222222225$14.593055555555557$53509038
9$Vladimír Bílek$6$Jakub Zdařil$HORNBACH BAUMARKT CS$394$BRNO$HERŠPICKÁ 3$49.169444444444444$16.610000000000003$53533044
9$Vladimír Bílek$6$Jakub Zdařil$HORNBACH BAUMARKT CS$395$OSTRAVA - SVINOV$BÍLOVECKÁ 3$49.83027777777778$18.203333333333333$53533049
9$Vladimír Bílek$7$Stehlík Tomáš$HORNBACH BAUMARKT CS$396$PRAHA 6 - ŘEPY$SLÁNSKÁ 2$50.06777777777778$14.305000000000001$53533070
9$Vladimír Bílek$3$Jan Sladký$HORNBACH BAUMARKT CS$397$HRADEC KRÁLOVÉ$ROVNÁ 1697$50.169444444444444$15.813333333333334$53533080
9$Vladimír Bílek$6$Jakub Zdařil$HORNBACH BAUMARKT CS$398$OLOMOUC - HODOLANY$ROLSBERSKÁ 50$49.59305555555556$17.28805555555556$53533133
9$Vladimír Bílek$7$Stehlík Tomáš$MAKRO Cash & Carry Č$399$PRAHA 5$JEREMIÁŠOVA 1249/7$50.03388888888889$14.305000000000001$53533005
9$Vladimír Bílek$6$Jakub Zdařil$MAKRO Cash & Carry Č$400$BRNO - TUŘANY$KAŠTANOVA UL. 50/506$49.152499999999996$16.64388888888889$53533057
9$Vladimír Bílek$6$Jakub Zdařil$MAKRO Cash & Carry Č$401$OSTRAVA - HRABOVÁ$MÍSTECKÁ 280$49.779444444444444$18.27111111111111$53533058
9$Vladimír Bílek$7$Stehlík Tomáš$MAKRO Cash & Carry Č$402$PRAHA 9$Chlumecká 2424$50.10166666666667$14.57611111111111$53533060
9$Vladimír Bílek$7$Stehlík Tomáš$MAKRO Cash & Carry Č$403$LIBEREC - DOUBÍ$Sportovní 522$50.728611111111114$15.050833333333333$53533061
9$Vladimír Bílek$3$Jan Sladký$MAKRO Cash & Carry Č$404$HRADEC KRÁLOVÉ$HRADUBICKÁ 181$50.169444444444444$15.813333333333334$53533062
9$Vladimír Bílek$7$Stehlík Tomáš$MAKRO Cash & Carry Č$405$ÚSTÍ NAD LABEM$ŽIŽKOVA 3363/78$50.66083333333333$14.0$53533063
9$Vladimír Bílek$6$Jakub Zdařil$MAKRO Cash & Carry Č$406$VELKÁ BYSTŘICE$OLOMOUCKÁ 791$49.59305555555556$17.33888888888889$53533064
9$Vladimír Bílek$3$Jan Sladký$MAKRO Cash & Carry Č$407$ČESKÉ BUDĚJOVICE$HRDĚJOVICE Č.P.396$49.0$14.491388888888888$53533065
9$Vladimír Bílek$7$Stehlík Tomáš$MAKRO Cash & Carry Č$408$PLZEŇ Borská Pole$OBCHODNÍ 2$49.728611111111114$13.321944444444444$53533069
9$Vladimír Bílek$7$Stehlík Tomáš$MAKRO Cash & Carry Č$409$JAŽLOVICE U PRAHY$ZDĚBRADSKÁ ULICE$49.965833333333336$14.626944444444446$53533076
9$Vladimír Bílek$6$Jakub Zdařil$MAKRO Cash & Carry Č$410$ZLÍN - MALENOVICE$Třída 3. května 1198 $49.20333333333333$17.559166666666666$53533077
9$Vladimír Bílek$7$Stehlík Tomáš$MAKRO Cash & Carry Č$411$JENIŠOV U KARLOVÝCH VARŮ$OBCHODNÍ 33$50.22027777777778$12.813333333333334$53533199
9$Vladimír Bílek$7$Stehlík Tomáš$OBI Česká republika$412$TEPLICE - TRNOVANY$Seifertova 1965$50.66083333333333$13.847222222222223$53507777
9$Vladimír Bílek$6$Jakub Zdařil$OBI Česká republika$413$FRÝDEK - MÍSTEK$PŘÍBORSKÁ UL./COLLO LOUKY$49.67777777777778$18.321944444444444$53508093
9$Vladimír Bílek$7$Stehlík Tomáš$OBI Česká republika$414$BEROUN$PLZEŇSKÁ ULICE$49.965833333333336$14.033888888888889$53508297
9$Vladimír Bílek$7$Stehlík Tomáš$OBI Česká republika$415$TRUTNOV$OBCHODNÍ 134$50.57611111111112$15.898055555555555$53508500
9$Vladimír Bílek$7$Stehlík Tomáš$OBI Česká republika$416$PRAHA 4 - ROZTYLY$TOMÍČKOVA 9$50.03388888888889$14.474444444444444$53508869
9$Vladimír Bílek$7$Stehlík Tomáš$OBI Česká republika$417$JABLONEC NAD NISOU$ŽELIVSKÉHO $50.745555555555555$15.1525$53508901
9$Vladimír Bílek$6$Jakub Zdařil$OBI Česká republika$418$BRNO-HORNÍ HERŠPICE$SOKOLOVA 622/1$49.152499999999996$16.626944444444444$53509447
9$Vladimír Bílek$6$Jakub Zdařil$OBI Česká republika$419$JIHLAVA$ROMANA HAVELKY 4854/5$49.406666666666666$15.57611111111111$53509448
9$Vladimír Bílek$6$Jakub Zdařil$OBI Česká republika$420$ZLÍN - MALENOVICE$TŘ. 3. KVĚTNA 11/70$49.20333333333333$17.57611111111111$53509449
9$Vladimír Bílek$6$Jakub Zdařil$OBI Česká republika$421$PŘEROV$POLNÍ 2992/11 $49.4575$17.440555555555555$53509450
9$Vladimír Bílek$7$Stehlík Tomáš$OBI Česká republika$422$PRAHA 10$NÁKUPNÍ 390/4$50.06777777777778$14.542222222222222$53533010
9$Vladimír Bílek$7$Stehlík Tomáš$OBI Česká republika$423$PRAHA 6$VÝTVARNÁ 3$50.06777777777778$14.305000000000001$53533012
9$Vladimír Bílek$7$Stehlík Tomáš$OBI Česká republika$424$PRAHA 9$PROSECKÁ UL. 78$50.118611111111115$14.508333333333333$53533015
9$Vladimír Bílek$7$Stehlík Tomáš$OBI Česká republika$425$LIBEREC$LETNÁ 606/46$50.779444444444444$15.033888888888889$53533017
9$Vladimír Bílek$3$Jan Sladký$OBI Česká republika$426$HRADEC KRÁLOVÉ$AK. BEDRNY 383$50.22027777777778$15.830277777777777$53533019
9$Vladimír Bílek$7$Stehlík Tomáš$OBI Česká republika$427$MOST$CHOMUTOVSKÁ ULICE 1316$50.50833333333333$13.643888888888888$53533020
9$Vladimír Bílek$6$Jakub Zdařil$OBI Česká republika$428$OPAVA$HLUČÍNSKÁ 51$49.94888888888889$17.931944444444447$53533030
9$Vladimír Bílek$6$Jakub Zdařil$OBI Česká republika$429$OLOMOUC$HORNÍ LAN 2$49.57611111111112$17.237222222222222$53533031
9$Vladimír Bílek$6$Jakub Zdařil$OBI Česká republika$430$HAVÍŘOV-SUCHÁ$PŘED TRATÍ 4/1433$49.796388888888885$18.440555555555555$53533052
9$Vladimír Bílek$6$Jakub Zdařil$OBI Česká republika$431$OSTRAVA - ZÁBŘEH$VÝŠKOVICKÁ 46/3123$49.796388888888885$18.220277777777778$53533067
9$Vladimír Bílek$3$Jan Sladký$OBI Česká republika$432$KOLÍN 2$V KASÁRNÁCH 1022$50.01694444444444$15.186388888888889$53533082
9$Vladimír Bílek$7$Stehlík Tomáš$OBI Česká republika$433$KARLOVY VARY$CHEBSKÁ 380/81B$50.22027777777778$12.830277777777777$53533083
9$Vladimír Bílek$7$Stehlík Tomáš$OBI Česká republika$434$ČESKÁ LÍPA - LADA$BORSKÁ 3218$50.69472222222222$14.542222222222222$53533087
9$Vladimír Bílek$7$Stehlík Tomáš$OBI Česká republika$435$LITOMĚŘICE$Želetická 2227$50.525277777777774$14.135555555555555$53533130
9$Vladimír Bílek$7$Stehlík Tomáš$OBI Česká republika$436$ÚSTÍ NAD LABEM - TRMICE$Tyršova 885$50.66083333333333$14.0$53533136
9$Vladimír Bílek$7$Stehlík Tomáš$OBI Česká republika$437$CHEB$DRAGOUNSKÁ 4$50.06777777777778$12.372777777777777$53533157
9$Vladimír Bílek$7$Stehlík Tomáš$OBI Česká republika$438$PÍSEK$U Nádraží 2607$49.28805555555555$14.135555555555555$53533161
9$Vladimír Bílek$7$Stehlík Tomáš$OBI Česká republika$439$MLADÁ BOLESLAV$NA RADOUCI$50.440555555555555$14.915000000000001$53533200
9$Vladimír Bílek$7$Stehlík Tomáš$OBI Česká republika$440$PŘÍBRAM$Žežická 596$49.67777777777778$13.999722222222221$53533201
9$Vladimír Bílek$7$Stehlík Tomáš$OBI Česká republika$441$KLATOVY$Domažlická 15$49.38972222222222$13.288055555555555$53533234
9$Vladimír Bílek$7$Stehlík Tomáš$OBI Česká republika$442$PLZEŇ$Sukova 2886/21$49.728611111111114$13.355833333333333$53533249
9$Vladimír Bílek$6$Jakub Zdařil$OBI Česká republika$443$PROSTĚJOV$Konečná 4564/10$49.474444444444444$17.11861111111111$53533288
9$Vladimír Bílek$7$Stehlík Tomáš$OBI Česká republika$444$PRAHA 4$LHOTECKÁ 446$50.0$14.42361111111111$53533011
9$Vladimír Bílek$6$Jakub Zdařil$UNI HOBBY Market Brn$445$BRNO - KOMÍN$BYSTRCKÁ ULICE 38/1137$49.22027777777778$16.542222222222225$53508877
9$Vladimír Bílek$3$Jan Sladký$UNI HOBBY Market Čes$446$ČESKÉ BUDĚJOVICE$PRAŽSKÁ 2540$48.999722222222225$14.474444444444444$53508873
9$Vladimír Bílek$6$Jakub Zdařil$UNI HOBBY Market Hod$447$HODONÍN$VELKOMORAVSKÁ 22/410$48.86416666666667$17.11861111111111$53508874
9$Vladimír Bílek$6$Jakub Zdařil$UNI HOBBY Market Jih$448$JIHLAVA - ŠPITÁLSKÉ PŘEDMĚSTÍ$Vrchlického 591/63$49.38972222222222$15.559166666666668$53508676
9$Vladimír Bílek$3$Jan Sladký$UNI HOBBY Market Par$449$PARDUBICE$UL KAPITÁNA BARTOŠE 2777$50.03388888888889$15.7625$53508875
9$Vladimír Bílek$6$Jakub Zdařil$UNI HOBBY Market Sta$450$STARÉ MĚSTO$Východní 2189$49.06777777777778$17.4575$53509113
9$Vladimír Bílek$6$Jakub Zdařil$UNI HOBBY Market Val$451$VALAŠSKÉ MEZIŘÍČÍ$MASARYKOVA 878$49.49138888888889$17.965833333333332$53508510
9$Vladimír Bílek$6$Jakub Zdařil$UNI HOBBY Market Zlí$452$ZLÍN$TŘ. TOMÁŠE BATI 399$49.20333333333333$17.610000000000003$53508876
9$Vladimír Bílek$7$Stehlík Tomáš$UNI HOBBY Market Chom$453$CHOMUTOV$Černovická 5434$50.4575$13.389722222222222$53509750
9$Vladimír Bílek$7$Stehlík Tomáš$BM ČESKO S.R.O.$454$PRAHA 4 - CHODOV$Türkova 1272/7$50.03388888888889$14.491388888888888$53509497
9$Vladimír Bílek$7$Stehlík Tomáš$BM ČESKO S.R.O.$455$PRAHA 9$Veselská ul. 721$50.135555555555555$14.491388888888888$53509498
9$Vladimír Bílek$7$Stehlík Tomáš$BM ČESKO S.R.O.$456$PRAHA 10 - MICHLE$Chodovská 1549/18$50.05083333333333$14.474444444444444$53509499
9$Vladimír Bílek$7$Stehlík Tomáš$BM ČESKO S.R.O.$457$PRAHA 5 - STODŮLKY$Jeremiášova 1102$50.05083333333333$14.305000000000001$53509500
9$Vladimír Bílek$7$Stehlík Tomáš$BM ČESKO S.R.O.$458$KLADNO$Unhošťská 3231$50.135555555555555$14.118611111111111$53509501
9$Vladimír Bílek$7$Stehlík Tomáš$BM ČESKO S.R.O.$459$MLADÁ BOLESLAV$Jičínska ul 1326/III$50.406666666666666$14.931944444444444$53509502
9$Vladimír Bílek$3$Jan Sladký$BM ČESKO S.R.O.$460$ČESKÉ BUDĚJOVICE$J. Boreckého 1661/3$48.999722222222225$14.4575$53509503
9$Vladimír Bílek$3$Jan Sladký$BM ČESKO S.R.O.$461$TÁBOR$Soběslavská ul. 3046$49.38972222222222$14.694722222222222$53509504
9$Vladimír Bílek$7$Stehlík Tomáš$BM ČESKO S.R.O.$462$PLZEŇ$Rokycanská třída 1171$49.745555555555555$13.406666666666666$53509505
9$Vladimír Bílek$7$Stehlík Tomáš$BM ČESKO S.R.O.$463$KARLOVY VARY$Dolní Kamenná 1004$50.22027777777778$12.864166666666666$53509506
9$Vladimír Bílek$7$Stehlík Tomáš$BM ČESKO S.R.O.$464$ÚSTÍ NAD LABEM$Havířská ul. 354/15$50.69472222222222$13.999722222222221$53509507
9$Vladimír Bílek$7$Stehlík Tomáš$BM ČESKO S.R.O.$465$MOST$Okružní ul. 3130$50.49138888888889$13.660833333333334$53509508
9$Vladimír Bílek$7$Stehlík Tomáš$BM ČESKO S.R.O.$466$OTVICE - CHOMUTOV$Obchodní zóna 261$50.49138888888889$13.440555555555555$53509509
9$Vladimír Bílek$3$Jan Sladký$BM ČESKO S.R.O.$467$HRADEC KRÁLOVÉ$Víta Nejedlého 10/10$50.20333333333333$15.864166666666666$53509510
9$Vladimír Bílek$3$Jan Sladký$BM ČESKO S.R.O.$468$PARDUBICE$Poděbradská ul. 295$50.05083333333333$15.7625$53509511
9$Vladimír Bílek$6$Jakub Zdařil$BM ČESKO S.R.O.$469$ZNOJMO$Suchohrdelská ul. 2799/26$48.86416666666667$16.067777777777778$53509512
9$Vladimír Bílek$6$Jakub Zdařil$BM ČESKO S.R.O.$470$OLOMOUC$Holická ul. 26$49.57611111111112$17.27111111111111$53509513
9$Vladimír Bílek$6$Jakub Zdařil$BM ČESKO S.R.O.$471$OSTRAVA$Novoveská ul. 3137$49.84722222222222$18.254166666666666$53509514
9$Vladimír Bílek$6$Jakub Zdařil$BM ČESKO S.R.O.$472$FRÝDEK-MÍSTEK$17. listopadu 2261$49.67777777777778$18.321944444444444$53509515
9$Vladimír Bílek$8$Michal Poliak$METRO Cash & Carry S$473$IVANKA PRI DUNAJI$SENECKÁ CESTA 1881$48.186388888888885$17.237222222222222$53507091
9$Vladimír Bílek$8$Michal Poliak$METRO Cash & Carry S$474$IVANKA PRI DUNAJI$SENECKÁ CESTA 1881$48.186388888888885$17.237222222222222$53507821
9$Vladimír Bílek$8$Michal Poliak$METRO Cash & Carry S$475$IVANKA PRI DUNAJI$SENECKÁ CESTA 1881$48.186388888888885$17.237222222222222$53507822
9$Vladimír Bílek$8$Michal Poliak$METRO Cash & Carry S$476$ŽILINA$Prielohy 1$49.186388888888885$18.745555555555555$53507823
9$Vladimír Bílek$8$Michal Poliak$METRO Cash & Carry S$477$NITRA$Hlohovecká cesta 11/332$48.32194444444445$18.03388888888889$53507824
9$Vladimír Bílek$8$Michal Poliak$METRO Cash & Carry S$478$ZVOLEN$Ulica Stráž 17$48.57611111111112$19.084722222222222$53507825
9$Vladimír Bílek$8$Michal Poliak$METRO Cash & Carry S$479$KOŠICE$Americká trieda 1/A$48.7625$21.27111111111111$53507826
9$Vladimír Bílek$8$Michal Poliak$METRO Cash & Carry S$480$BRATISLAVA II$Devínska Nová Ves 7081$48.20333333333333$17.0$53507827
9$Vladimír Bílek$8$Michal Poliak$METRO Cash & Carry S$481$IVANKA PRI DUNAJI$SENECKÁ CESTA 1881$48.186388888888885$17.237222222222222$53533106
9$Vladimír Bílek$8$Michal Poliak$METRO Cash & Carry S$482$ŽILINA$Prielohy 1$49.186388888888885$18.745555555555555$53533107
9$Vladimír Bílek$8$Michal Poliak$METRO Cash & Carry S$483$NITRA$Hlohovecká cesta 11/332$48.32194444444445$18.03388888888889$53533108
9$Vladimír Bílek$8$Michal Poliak$METRO Cash & Carry S$484$ZVOLEN$Ulica Stráž 17$48.57611111111112$19.084722222222222$53533109
9$Vladimír Bílek$8$Michal Poliak$METRO Cash & Carry S$485$BRATISLAVA II$Devínska Nová Ves 7081$48.20333333333333$17.0$53533370
9$Vladimír Bílek$8$Michal Poliak$OBI SLOVAKIA S.R.O.$486$BANSKÁ BYSTRICA$Zvolenská cesta 4420/10$48.711666666666666$19.135555555555555$53509452
9$Vladimír Bílek$8$Michal Poliak$OBI SLOVAKIA S.R.O.$487$BRATISLAVA$Hodoninská 25$48.20333333333333$17.03388888888889$53509453
9$Vladimír Bílek$8$Michal Poliak$OBI SLOVAKIA S.R.O.$488$BRATISLAVA - RUZINOV$Bajkalská 34$48.135555555555555$17.1525$53509455
9$Vladimír Bílek$8$Michal Poliak$OBI SLOVAKIA S.R.O.$489$KOŠICE$Moldavská cesta 24$48.69472222222222$21.237222222222222$53509456
9$Vladimír Bílek$8$Michal Poliak$OBI SLOVAKIA S.R.O.$490$KOŠICE$Trolejbusová 3$48.745555555555555$21.27111111111111$53509457
9$Vladimír Bílek$8$Michal Poliak$OBI SLOVAKIA S.R.O.$491$MARTIN - ZÁTURČIE$Obchodné centrum Turiec$49.06777777777778$18.931944444444447$53509458
9$Vladimír Bílek$8$Michal Poliak$OBI SLOVAKIA S.R.O.$492$NITRA$Chrenovská 1488/26$48.32194444444445$18.101666666666667$53509459
9$Vladimír Bílek$8$Michal Poliak$OBI SLOVAKIA S.R.O.$493$POPRAD$Teplická cesta 4358/1$49.05083333333333$20.27111111111111$53509460
9$Vladimír Bílek$8$Michal Poliak$OBI SLOVAKIA S.R.O.$494$PREŠOV$Košicka 4$48.98277777777778$21.254166666666666$53509461
9$Vladimír Bílek$8$Michal Poliak$OBI SLOVAKIA S.R.O.$495$PRIEVIDZA$Nedožerská cesta 1269/17B$48.796388888888885$18.626944444444444$53509462
9$Vladimír Bílek$8$Michal Poliak$OBI SLOVAKIA S.R.O.$496$TRENČÍN$Ku Štvrtiam 7030$48.88111111111111$18.016944444444444$53509463
9$Vladimír Bílek$8$Michal Poliak$OBI SLOVAKIA S.R.O.$497$TRNAVA$Nová 11$48.35583333333334$17.610000000000003$53509464
9$Vladimír Bílek$8$Michal Poliak$OBI SLOVAKIA S.R.O.$498$ŽILINA$Vysokoškolakov 35a$49.20333333333333$18.7625$53509465
9$Vladimír Bílek$8$Michal Poliak$BAUHAUS odborné cent$499$BRATISLAVA - RUŽINOV$OBCHODNÁ ZÓNA PHAROS, Č.P. II 18226$48.152499999999996$17.18638888888889$53509291
9$Vladimír Bílek$8$Michal Poliak$NAY A.S.$500$BRATISLAVA$Tuhovská 15$48.186388888888885$17.18638888888889$53508404
9$Vladimír Bílek$8$Michal Poliak$NAY A.S.$501$SENEC$Dal'ničná 2$48.22027777777778$17.372777777777777$53548137
9$Vladimír Bílek$8$Michal Poliak$NAY A.S.$502$SENEC$Dialnicna cesta 2$48.22027777777778$17.372777777777777$53548175
9$Vladimír Bílek$8$Michal Poliak$NAY A.S.$503$BRATISLAVA$Tuhovská 15$48.186388888888885$17.18638888888889$53548176
9$Vladimír Bílek$8$Michal Poliak$NAY A.S.$504$TRENČÍN$Belá 6993$48.86416666666667$18.016944444444444$53548177
9$Vladimír Bílek$8$Michal Poliak$NAY A.S.$505$NOVÉ ZÁMKY$Nitrianska cesta 109$48.0$18.1525$53548178
9$Vladimír Bílek$8$Michal Poliak$NAY A.S.$506$SPIŠSKÁ NOVÁ VES$Medza 14$48.94888888888889$20.559166666666666$53548179
9$Vladimír Bílek$8$Michal Poliak$NAY A.S.$507$BRATISLAVA$Einsteinova 18 (NC Aupark)$48.118611111111115$17.101666666666667$53548203
9$Vladimír Bílek$8$Michal Poliak$NAY A.S.$508$BANSKÁ BYSTRICA$Zvolenská cesta 8/B$48.711666666666666$19.135555555555555$53548204
9$Vladimír Bílek$8$Michal Poliak$NAY A.S.$509$KOŠICE$Pri Prachárni 6$48.69472222222222$21.237222222222222$53548205
9$Vladimír Bílek$8$Michal Poliak$NAY A.S.$510$TRNAVA$V. Clementisa 41/C$48.38972222222222$17.610000000000003$53548206
9$Vladimír Bílek$8$Michal Poliak$NAY A.S.$511$ŽILINA$ul. Vysokoškolákov 39$49.20333333333333$18.7625$53548207
9$Vladimír Bílek$8$Michal Poliak$NAY A.S.$512$POPRAD$Svitská cesta 2/A$49.05083333333333$20.254166666666666$53548208
9$Vladimír Bílek$8$Michal Poliak$NAY A.S.$513$PREŠOV$Košická 2/C$48.98277777777778$21.254166666666666$53548209
9$Vladimír Bílek$8$Michal Poliak$NAY A.S.$514$MALACKY$Sasinkova 70$48.440555555555555$17.016944444444444$53548210
9$Vladimír Bílek$8$Michal Poliak$NAY A.S.$515$PRIEVIDZA$Nábřežná 1913/5A$48.779444444444444$18.610000000000003$53548211
9$Vladimír Bílek$8$Michal Poliak$NAY A.S.$516$MICHALOVCE$Humenská cesta 59$48.7625$21.898055555555555$53548212
9$Vladimír Bílek$8$Michal Poliak$NAY A.S.$517$NITRA$Chrenovská 28$48.305$18.101666666666667$53548213
9$Vladimír Bílek$8$Michal Poliak$NAY A.S.$518$KOMÁRNO$Bratislavská cesta 4390$47.7625$18.084722222222222$53548214
9$Vladimír Bílek$8$Michal Poliak$NAY A.S.$519$LEVICE$Turecký rad 11$48.22027777777778$18.593055555555555$53548215
9$Vladimír Bílek$8$Michal Poliak$NAY A.S.$520$ZVOLEN$Rákoš 18/A$48.59305555555556$19.11861111111111$53548216
9$Vladimír Bílek$8$Michal Poliak$NAY A.S.$521$MARTIN$OC Turiec č.4$49.06777777777778$18.931944444444447$53548217
9$Vladimír Bílek$8$Michal Poliak$NAY A.S.$522$DUNAJSKÁ STREDA$Galantská cesta 11$47.999722222222225$17.626944444444444$53548218
9$Vladimír Bílek$8$Michal Poliak$NAY A.S.$523$SKALICA$Mallého ul. 57$48.84722222222222$17.220277777777778$53548219
9$Vladimír Bílek$8$Michal Poliak$NAY A.S.$524$LUČENEC$Parný mlyn 5544$48.32194444444445$19.64388888888889$53548220
9$Vladimír Bílek$8$Michal Poliak$NAY A.S.$525$LIPTOVSKÝ MIKULÁŠ$Kamenné pole 4448/1$49.06777777777778$19.610000000000003$53548221
9$Vladimír Bílek$8$Michal Poliak$NAY A.S.$526$POVAŽSKÁ BYSTRICA$ul. SNP 4462$49.10166666666667$18.4575$53548222
9$Vladimír Bílek$8$Michal Poliak$NAY A.S.$527$BRATISLAVA$Lamač 6780$48.20333333333333$17.03388888888889$53548223
9$Vladimír Bílek$8$Michal Poliak$NAY A.S.$528$KOŠICE$Trolejbusová 6$48.745555555555555$21.254166666666666$53548224
9$Vladimír Bílek$8$Michal Poliak$NAY A.S.$529$BRATISLAVA$Elektrárenská 4$48.169444444444444$17.1525$53548369
9$Vladimír Bílek$8$Michal Poliak$NAY A.S.$530$ČADCA$Ul. Slobody 3039/4$49.440555555555555$18.79638888888889$53548707
9$Vladimír Bílek$8$Michal Poliak$NAY A.S.$531$BRATISLAVA$Obchodná 45$48.135555555555555$17.101666666666667$53548845
9$Vladimír Bílek$8$Michal Poliak$NAY A.S.$532$PREŠOV 2$Vihorlatska 2A$48.999722222222225$21.27111111111111$53548846
9$Vladimír Bílek$8$Michal Poliak$NAY A.S.$533$STARÁ LUBOVNA$Popradská 1853/73$49.305$20.67777777777778$53548847
9$Vladimír Bílek$8$Michal Poliak$NAY A.S.$534$PREŠOV$Košická 2/C$48.999722222222225$21.254166666666666$53548890
9$Vladimír Bílek$8$Michal Poliak$NAY A.S.$535$BRATISLAVA$Ivánska cesta 16$48.152499999999996$17.169444444444444$53548891
9$Vladimír Bílek$8$Michal Poliak$NAY A.S.$536$KOŠICE$Trolejbusova 1/B$48.745555555555555$21.254166666666666$53548892
9$Vladimír Bílek$8$Michal Poliak$NAY A.S.$537$BRATISLAVA$Lamač 6780$48.20333333333333$17.03388888888889$53548893
9$Vladimír Bílek$8$Michal Poliak$NAY A.S.$538$BRATISLAVA$Metodova 6$48.152499999999996$17.11861111111111$53548900
9$Vladimír Bílek$8$Michal Poliak$NAY A.S.$539$SENEC$Dal'ničná 2$48.22027777777778$17.372777777777777$53549006
9$Vladimír Bílek$8$Michal Poliak$MERKURY MARKET SLOVAKIA,$540$NITRA$Štúrova 69/A$48.305$18.067777777777778$53533369
9$Vladimír Bílek$8$Michal Poliak$MERKURY MARKET SLOVAKIA,$541$ŽILINA$Košická 14$49.22027777777778$18.7625$53533366
9$Vladimír Bílek$8$Michal Poliak$MERKURY MARKET SLOVAKIA,$542$TRENČÍN$Bratislavská 441$48.89805555555556$18.0$53533365
9$Vladimír Bílek$8$Michal Poliak$MERKURY MARKET SLOVAKIA,$543$PRIEVIDZA$Ciglianska 1/A$48.7625$18.626944444444444$53533364
9$Vladimír Bílek$8$Michal Poliak$MERKURY MARKET SLOVAKIA,$544$PREŠOV$Duklianska 11$49.0$21.237222222222222$53533363
9$Vladimír Bílek$8$Michal Poliak$MERKURY MARKET SLOVAKIA,$545$POPRAD$Svitská 2$49.05083333333333$20.254166666666666$53533362
9$Vladimír Bílek$8$Michal Poliak$MERKURY MARKET SLOVAKIA,$546$MICHALOVCE$Humenská cesta 43$48.779444444444444$21.898055555555555$53533361
9$Vladimír Bílek$8$Michal Poliak$MERKURY MARKET SLOVAKIA,$547$KOŠICE$Pri Prachárni 15$48.69472222222222$21.237222222222222$53533360
9$Vladimír Bílek$8$Michal Poliak$MERKURY MARKET SLOVAKIA,$548$BANSKÁ BYSTRICA$Zvolenska cesta 29$48.711666666666666$19.135555555555555$53533359
9$Vladimír Bílek$8$Michal Poliak$MERKURY MARKET SLOVAKIA,$549$BRATISLAVA$Rožnavská 26$48.169444444444444$17.169444444444444$53533358
9$Vladimír Bílek$8$Michal Poliak$MERKURY MARKET SLOVAKIA,$550$HUMENNE$Mierova 105$48.94888888888889$21.898055555555555$53509659
9$Vladimír Bílek$8$Michal Poliak$MERKURY MARKET SLOVAKIA,$551$SPIŠSKÁ NOVÁ VES$Ul. Mlynská 37$48.94888888888889$20.57611111111111$53509317
9$Vladimír Bílek$8$Michal Poliak$MERKURY MARKET SLOVAKIA,$552$BRATISLAVA$Devínska Nová Ves 7213$48.20333333333333$17.016944444444444$53509123
9$Vladimír Bílek$8$Michal Poliak$MERKURY MARKET SLOVAKIA,$553$LIPTOVSKÝ MIKULÁŠ$Kamenné pole 4618/9$49.06777777777778$19.610000000000003$53508998
9$Vladimír Bílek$8$Michal Poliak$MERKURY MARKET SLOVAKIA,$554$KOMÁRNO$Ul. A. Jedlika 4947$47.7625$18.084722222222222$53508908
9$Vladimír Bílek$8$Michal Poliak$MERKURY MARKET SLOVAKIA,$555$ZVOLEN$Trňanská 1$48.59305555555556$19.101666666666667$53508513
9$Vladimír Bílek$8$Michal Poliak$MERKURY MARKET SLOVAKIA,$556$LEVICE$Ul. Koháryho 99$48.22027777777778$18.610000000000003$53508439
9$Vladimír Bílek$8$Michal Poliak$MERKURY MARKET SLOVAKIA,$557$DUNAJSKÁ STREDA$Galantská 26$47.999722222222225$17.64388888888889$53508309
9$Vladimír Bílek$8$Michal Poliak$MERKURY MARKET SLOVAKIA,$558$TRNAVA$Sereďská 255/B$48.33888888888889$17.626944444444444$53507926
9$Vladimír Bílek$8$Michal Poliak$MERKURY MARKET SLOVAKIA,$559$PREŠOV$Duklianska 11$49.0$21.237222222222222$53507670
